Image,ScoreAverage,Percentile,num,Set
forest106.jpg,0.37037037,0,0,train
forest113.jpg,0.333333333,0,1,train
forest118.jpg,0.138888889,0,2,train
forest13.jpg,0.111111111,0,3,train
forest130.jpg,0.37037037,0,4,train
forest132.jpg,0.259259259,0,5,train
forest135.jpg,0.314814815,0,6,train
forest140.jpg,0.333333333,0,7,train
forest151.jpg,0.111111111,0,8,train
forest158.jpg,0.333333333,0,9,train
forest163.jpg,0.333333333,0,10,train
forest165.jpg,0.222222222,0,11,train
forest178.jpg,0.314814815,0,12,train
forest187.jpg,0.277777778,0,13,train
forest19.jpg,0.296296296,0,14,train
forest197.jpg,0.296296296,0,15,train
forest2.jpg,0.222222222,0,16,train
forest226.jpg,0.166666667,0,17,train
forest229.jpg,0.222222222,0,18,train
forest235.jpg,0.37037037,0,19,train
forest255.jpg,0.111111111,0,20,train
forest262.jpg,0.277777778,0,21,train
forest28.jpg,0.277777778,0,22,train
forest289.jpg,0.333333333,0,23,train
forest294.jpg,0.277777778,0,24,train
forest300.jpg,0.166666667,0,25,train
forest308.jpg,0.25,0,26,train
forest317.jpg,0.314814815,0,27,train
forest321.jpg,0.166666667,0,28,train
forest328.jpg,0.296296296,0,29,train
forest332.jpg,0.277777778,0,30,train
forest335.jpg,0.37037037,0,31,train
forest339.jpg,0.222222222,0,32,train
forest34.jpg,0.277777778,0,33,train
forest350.jpg,0.333333333,0,34,train
forest351.jpg,0.166666667,0,35,train
forest353.jpg,0.259259259,0,36,train
forest388.jpg,0.333333333,0,37,train
forest408.jpg,0.333333333,0,38,train
forest418.jpg,0.277777778,0,39,train
forest424.jpg,0.37037037,0,40,train
forest469.jpg,0.25,0,41,train
forest48.jpg,0.37037037,0,42,train
forest480.jpg,0.333333333,0,43,train
forest487.jpg,0.333333333,0,44,train
forest497.jpg,0.277777778,0,45,train
forest504.jpg,0.333333333,0,46,train
forest514.jpg,0.222222222,0,47,train
forest53.jpg,0.222222222,0,48,train
forest536.jpg,0.37037037,0,49,train
forest539.jpg,0.361111111,0,50,train
forest543.jpg,0.333333333,0,51,train
forest56.jpg,0.347222222,0,52,train
forest576.jpg,0.361111111,0,53,train
forest578.jpg,0.277777778,0,54,train
forest59.jpg,0.37037037,0,55,train
forest66.jpg,0.333333333,0,56,train
forest7.jpg,0.361111111,0,57,train
forest72.jpg,0.37037037,0,58,train
forest85.jpg,0.222222222,0,59,train
meadows114.jpg,0.333333333,0,60,train
meadows190.jpg,0.333333333,0,61,train
meadows199.jpg,0.277777778,0,62,train
meadows215.jpg,0.277777778,0,63,train
meadows220.jpg,0.296296296,0,64,train
meadows226.jpg,0.222222222,0,65,train
meadows23.jpg,0.222222222,0,66,train
meadows232.jpg,0.277777778,0,67,train
meadows238.jpg,0.222222222,0,68,train
meadows276.jpg,0.333333333,0,69,train
meadows28.jpg,0.277777778,0,70,train
meadows285.jpg,0.296296296,0,71,train
meadows301.jpg,0.277777778,0,72,train
meadows319.jpg,0.333333333,0,73,train
meadows330.jpg,0.277777778,0,74,train
meadows347.jpg,0.25,0,75,train
meadows35.jpg,0.37037037,0,76,train
meadows353.jpg,0.361111111,0,77,train
meadows355.jpg,0.37037037,0,78,train
meadows361.jpg,0.277777778,0,79,train
meadows362.jpg,0.277777778,0,80,train
meadows37.jpg,0.333333333,0,81,train
meadows39.jpg,0.166666667,0,82,train
meadows434.jpg,0.277777778,0,83,train
meadows459.jpg,0.296296296,0,84,train
meadows466.jpg,0.277777778,0,85,train
meadows483.jpg,0.277777778,0,86,train
meadows491.jpg,0.333333333,0,87,train
meadows493.jpg,0.37037037,0,88,train
meadows498.jpg,0.333333333,0,89,train
meadows50.jpg,0.355555556,0,90,train
meadows52.jpg,0.333333333,0,91,train
meadows65.jpg,0.333333333,0,92,train
meadows66.jpg,0.277777778,0,93,train
meadows8.jpg,0.166666667,0,94,train
meadows95.jpg,0.222222222,0,95,train
waters1.jpg,0.166666667,0,96,train
waters105.jpg,0.194444444,0,97,train
waters120.jpg,0.277777778,0,98,train
waters13.jpg,0.333333333,0,99,train
waters130.jpg,0.166666667,0,100,train
waters133.jpg,0.333333333,0,101,train
waters138.jpg,0.222222222,0,102,train
waters146.jpg,0.333333333,0,103,train
waters148.jpg,0.333333333,0,104,train
waters16.jpg,0.361111111,0,105,train
waters172.jpg,0.361111111,0,106,train
waters183.jpg,0.296296296,0,107,train
waters204.jpg,0.25,0,108,train
waters211.jpg,0.277777778,0,109,train
waters22.jpg,0.277777778,0,110,train
waters224.jpg,0.333333333,0,111,train
waters226.jpg,0.166666667,0,112,train
waters236.jpg,0.37037037,0,113,train
waters239.jpg,0.305555556,0,114,train
waters253.jpg,0.296296296,0,115,train
waters263.jpg,0.361111111,0,116,train
waters275.jpg,0.37037037,0,117,train
waters28.jpg,0.222222222,0,118,train
waters305.jpg,0.222222222,0,119,train
waters310.jpg,0.333333333,0,120,train
waters311.jpg,0.296296296,0,121,train
waters316.jpg,0.333333333,0,122,train
waters322.jpg,0.277777778,0,123,train
waters325.jpg,0.222222222,0,124,train
waters335.jpg,0.351851852,0,125,train
waters338.jpg,0.333333333,0,126,train
waters345.jpg,0.305555556,0,127,train
waters352.jpg,0.37037037,0,128,train
waters354.jpg,0.333333333,0,129,train
waters382.jpg,0.333333333,0,130,train
waters384.jpg,0.277777778,0,131,train
waters391.jpg,0.296296296,0,132,train
waters393.jpg,0.277777778,0,133,train
waters414.jpg,0.3,0,134,train
waters42.jpg,0.277777778,0,135,train
waters44.jpg,0.305555556,0,136,train
forest107.jpg,0.444444444,0.1,0,train
forest110.jpg,0.444444444,0.1,1,train
forest115.jpg,0.444444444,0.1,2,train
forest124.jpg,0.416666667,0.1,3,train
forest144.jpg,0.407407407,0.1,4,train
forest155.jpg,0.407407407,0.1,5,train
forest157.jpg,0.444444444,0.1,6,train
forest166.jpg,0.388888889,0.1,7,train
forest17.jpg,0.388888889,0.1,8,train
forest18.jpg,0.444444444,0.1,9,train
forest180.jpg,0.444444444,0.1,10,train
forest183.jpg,0.433333333,0.1,11,train
forest192.jpg,0.388888889,0.1,12,train
forest195.jpg,0.444444444,0.1,13,train
forest201.jpg,0.444444444,0.1,14,train
forest209.jpg,0.444444444,0.1,15,train
forest21.jpg,0.388888889,0.1,16,train
forest22.jpg,0.444444444,0.1,17,train
forest238.jpg,0.388888889,0.1,18,train
forest239.jpg,0.388888889,0.1,19,train
forest24.jpg,0.407407407,0.1,20,train
forest246.jpg,0.388888889,0.1,21,train
forest253.jpg,0.388888889,0.1,22,train
forest257.jpg,0.422222222,0.1,23,train
forest259.jpg,0.416666667,0.1,24,train
forest268.jpg,0.407407407,0.1,25,train
forest269.jpg,0.388888889,0.1,26,train
forest287.jpg,0.407407407,0.1,27,train
forest292.jpg,0.388888889,0.1,28,train
forest296.jpg,0.444444444,0.1,29,train
forest3.jpg,0.444444444,0.1,30,train
forest309.jpg,0.444444444,0.1,31,train
forest312.jpg,0.388888889,0.1,32,train
forest325.jpg,0.444444444,0.1,33,train
forest329.jpg,0.444444444,0.1,34,train
forest341.jpg,0.444444444,0.1,35,train
forest343.jpg,0.444444444,0.1,36,train
forest356.jpg,0.388888889,0.1,37,train
forest357.jpg,0.388888889,0.1,38,train
forest359.jpg,0.444444444,0.1,39,train
forest366.jpg,0.407407407,0.1,40,train
forest367.jpg,0.444444444,0.1,41,train
forest379.jpg,0.444444444,0.1,42,train
forest387.jpg,0.444444444,0.1,43,train
forest400.jpg,0.407407407,0.1,44,train
forest403.jpg,0.444444444,0.1,45,train
forest423.jpg,0.407407407,0.1,46,train
forest44.jpg,0.444444444,0.1,47,train
forest444.jpg,0.444444444,0.1,48,train
forest50.jpg,0.388888889,0.1,49,train
forest506.jpg,0.425925926,0.1,50,train
forest507.jpg,0.444444444,0.1,51,train
forest520.jpg,0.444444444,0.1,52,train
forest527.jpg,0.388888889,0.1,53,train
forest538.jpg,0.444444444,0.1,54,train
forest550.jpg,0.444444444,0.1,55,train
forest555.jpg,0.444444444,0.1,56,train
forest560.jpg,0.388888889,0.1,57,train
forest566.jpg,0.407407407,0.1,58,train
forest567.jpg,0.444444444,0.1,59,train
forest573.jpg,0.444444444,0.1,60,train
forest583.jpg,0.388888889,0.1,61,train
forest61.jpg,0.377777778,0.1,62,train
forest65.jpg,0.444444444,0.1,63,train
forest68.jpg,0.388888889,0.1,64,train
forest76.jpg,0.407407407,0.1,65,train
forest86.jpg,0.444444444,0.1,66,train
forest92.jpg,0.444444444,0.1,67,train
meadows1.jpg,0.388888889,0.1,68,train
meadows11.jpg,0.444444444,0.1,69,train
meadows110.jpg,0.388888889,0.1,70,train
meadows117.jpg,0.444444444,0.1,71,train
meadows120.jpg,0.444444444,0.1,72,train
meadows129.jpg,0.444444444,0.1,73,train
meadows131.jpg,0.444444444,0.1,74,train
meadows132.jpg,0.444444444,0.1,75,train
meadows137.jpg,0.444444444,0.1,76,train
meadows138.jpg,0.444444444,0.1,77,train
meadows141.jpg,0.444444444,0.1,78,train
meadows15.jpg,0.407407407,0.1,79,train
meadows152.jpg,0.444444444,0.1,80,train
meadows163.jpg,0.416666667,0.1,81,train
meadows172.jpg,0.444444444,0.1,82,train
meadows184.jpg,0.444444444,0.1,83,train
meadows188.jpg,0.388888889,0.1,84,train
meadows197.jpg,0.444444444,0.1,85,train
meadows207.jpg,0.444444444,0.1,86,train
meadows214.jpg,0.407407407,0.1,87,train
meadows222.jpg,0.422222222,0.1,88,train
meadows242.jpg,0.444444444,0.1,89,train
meadows25.jpg,0.407407407,0.1,90,train
meadows250.jpg,0.444444444,0.1,91,train
meadows253.jpg,0.407407407,0.1,92,train
meadows258.jpg,0.407407407,0.1,93,train
meadows268.jpg,0.444444444,0.1,94,train
meadows270.jpg,0.444444444,0.1,95,train
meadows284.jpg,0.388888889,0.1,96,train
meadows288.jpg,0.444444444,0.1,97,train
meadows290.jpg,0.444444444,0.1,98,train
meadows292.jpg,0.416666667,0.1,99,train
meadows294.jpg,0.444444444,0.1,100,train
meadows299.jpg,0.388888889,0.1,101,train
meadows303.jpg,0.416666667,0.1,102,train
meadows318.jpg,0.444444444,0.1,103,train
meadows322.jpg,0.407407407,0.1,104,train
meadows329.jpg,0.444444444,0.1,105,train
meadows334.jpg,0.444444444,0.1,106,train
meadows34.jpg,0.444444444,0.1,107,train
meadows340.jpg,0.388888889,0.1,108,train
meadows342.jpg,0.388888889,0.1,109,train
meadows344.jpg,0.388888889,0.1,110,train
meadows346.jpg,0.444444444,0.1,111,train
meadows350.jpg,0.444444444,0.1,112,train
meadows354.jpg,0.444444444,0.1,113,train
meadows358.jpg,0.444444444,0.1,114,train
meadows359.jpg,0.444444444,0.1,115,train
meadows369.jpg,0.407407407,0.1,116,train
meadows391.jpg,0.444444444,0.1,117,train
meadows399.jpg,0.444444444,0.1,118,train
meadows407.jpg,0.416666667,0.1,119,train
meadows43.jpg,0.407407407,0.1,120,train
meadows460.jpg,0.444444444,0.1,121,train
meadows463.jpg,0.425925926,0.1,122,train
meadows468.jpg,0.388888889,0.1,123,train
meadows48.jpg,0.444444444,0.1,124,train
meadows481.jpg,0.444444444,0.1,125,train
meadows487.jpg,0.388888889,0.1,126,train
meadows54.jpg,0.388888889,0.1,127,train
meadows59.jpg,0.416666667,0.1,128,train
meadows60.jpg,0.388888889,0.1,129,train
meadows75.jpg,0.388888889,0.1,130,train
meadows76.jpg,0.444444444,0.1,131,train
meadows77.jpg,0.407407407,0.1,132,train
meadows78.jpg,0.444444444,0.1,133,train
meadows79.jpg,0.444444444,0.1,134,train
meadows87.jpg,0.444444444,0.1,135,train
meadows94.jpg,0.388888889,0.1,136,train
waters103.jpg,0.388888889,0.1,137,train
waters106.jpg,0.416666667,0.1,138,train
waters115.jpg,0.388888889,0.1,139,train
waters118.jpg,0.388888889,0.1,140,train
waters15.jpg,0.444444444,0.1,141,train
waters167.jpg,0.407407407,0.1,142,train
waters17.jpg,0.433333333,0.1,143,train
waters174.jpg,0.388888889,0.1,144,train
waters179.jpg,0.402777778,0.1,145,train
waters181.jpg,0.407407407,0.1,146,train
waters188.jpg,0.444444444,0.1,147,train
waters200.jpg,0.388888889,0.1,148,train
waters225.jpg,0.388888889,0.1,149,train
waters233.jpg,0.388888889,0.1,150,train
waters251.jpg,0.444444444,0.1,151,train
waters252.jpg,0.407407407,0.1,152,train
waters27.jpg,0.444444444,0.1,153,train
waters298.jpg,0.407407407,0.1,154,train
waters323.jpg,0.444444444,0.1,155,train
waters358.jpg,0.444444444,0.1,156,train
waters383.jpg,0.444444444,0.1,157,train
waters388.jpg,0.388888889,0.1,158,train
waters4.jpg,0.444444444,0.1,159,train
forest109.jpg,0.5,0.2,0,train
forest112.jpg,0.5,0.2,1,train
forest117.jpg,0.5,0.2,2,train
forest146.jpg,0.5,0.2,3,train
forest156.jpg,0.5,0.2,4,train
forest161.jpg,0.5,0.2,5,train
forest171.jpg,0.472222222,0.2,6,train
forest204.jpg,0.5,0.2,7,train
forest214.jpg,0.481481481,0.2,8,train
forest218.jpg,0.486111111,0.2,9,train
forest251.jpg,0.5,0.2,10,train
forest256.jpg,0.5,0.2,11,train
forest258.jpg,0.5,0.2,12,train
forest261.jpg,0.5,0.2,13,train
forest267.jpg,0.5,0.2,14,train
forest270.jpg,0.481481481,0.2,15,train
forest272.jpg,0.466666667,0.2,16,train
forest278.jpg,0.481481481,0.2,17,train
forest284.jpg,0.5,0.2,18,train
forest288.jpg,0.472222222,0.2,19,train
forest291.jpg,0.5,0.2,20,train
forest295.jpg,0.5,0.2,21,train
forest298.jpg,0.481481481,0.2,22,train
forest303.jpg,0.481481481,0.2,23,train
forest306.jpg,0.462962963,0.2,24,train
forest311.jpg,0.5,0.2,25,train
forest324.jpg,0.5,0.2,26,train
forest326.jpg,0.481481481,0.2,27,train
forest331.jpg,0.481481481,0.2,28,train
forest336.jpg,0.5,0.2,29,train
forest344.jpg,0.5,0.2,30,train
forest349.jpg,0.5,0.2,31,train
forest361.jpg,0.5,0.2,32,train
forest37.jpg,0.472222222,0.2,33,train
forest371.jpg,0.5,0.2,34,train
forest375.jpg,0.5,0.2,35,train
forest376.jpg,0.5,0.2,36,train
forest383.jpg,0.472222222,0.2,37,train
forest393.jpg,0.462962963,0.2,38,train
forest412.jpg,0.5,0.2,39,train
forest414.jpg,0.481481481,0.2,40,train
forest42.jpg,0.472222222,0.2,41,train
forest420.jpg,0.5,0.2,42,train
forest426.jpg,0.481481481,0.2,43,train
forest437.jpg,0.5,0.2,44,train
forest456.jpg,0.5,0.2,45,train
forest457.jpg,0.5,0.2,46,train
forest458.jpg,0.5,0.2,47,train
forest467.jpg,0.5,0.2,48,train
forest474.jpg,0.472222222,0.2,49,train
forest475.jpg,0.5,0.2,50,train
forest49.jpg,0.5,0.2,51,train
forest492.jpg,0.5,0.2,52,train
forest5.jpg,0.5,0.2,53,train
forest52.jpg,0.5,0.2,54,train
forest571.jpg,0.466666667,0.2,55,train
forest577.jpg,0.5,0.2,56,train
forest58.jpg,0.5,0.2,57,train
forest584.jpg,0.481481481,0.2,58,train
forest590.jpg,0.5,0.2,59,train
forest591.jpg,0.481481481,0.2,60,train
forest74.jpg,0.5,0.2,61,train
forest84.jpg,0.472222222,0.2,62,train
forest99.jpg,0.5,0.2,63,train
meadows106.jpg,0.462962963,0.2,64,train
meadows111.jpg,0.5,0.2,65,train
meadows140.jpg,0.5,0.2,66,train
meadows143.jpg,0.5,0.2,67,train
meadows147.jpg,0.481481481,0.2,68,train
meadows151.jpg,0.5,0.2,69,train
meadows155.jpg,0.481481481,0.2,70,train
meadows170.jpg,0.481481481,0.2,71,train
meadows183.jpg,0.5,0.2,72,train
meadows19.jpg,0.5,0.2,73,train
meadows198.jpg,0.49382716,0.2,74,train
meadows2.jpg,0.444444444,0.2,75,train
meadows20.jpg,0.5,0.2,76,train
meadows203.jpg,0.481481481,0.2,77,train
meadows206.jpg,0.5,0.2,78,train
meadows21.jpg,0.481481481,0.2,79,train
meadows219.jpg,0.481481481,0.2,80,train
meadows224.jpg,0.481481481,0.2,81,train
meadows230.jpg,0.5,0.2,82,train
meadows237.jpg,0.5,0.2,83,train
meadows239.jpg,0.481481481,0.2,84,train
meadows243.jpg,0.481481481,0.2,85,train
meadows245.jpg,0.481481481,0.2,86,train
meadows252.jpg,0.5,0.2,87,train
meadows26.jpg,0.5,0.2,88,train
meadows278.jpg,0.5,0.2,89,train
meadows31.jpg,0.481481481,0.2,90,train
meadows310.jpg,0.5,0.2,91,train
meadows314.jpg,0.472222222,0.2,92,train
meadows316.jpg,0.5,0.2,93,train
meadows33.jpg,0.488888889,0.2,94,train
meadows335.jpg,0.472222222,0.2,95,train
meadows352.jpg,0.466666667,0.2,96,train
meadows363.jpg,0.5,0.2,97,train
meadows382.jpg,0.5,0.2,98,train
meadows395.jpg,0.5,0.2,99,train
meadows406.jpg,0.481481481,0.2,100,train
meadows411.jpg,0.5,0.2,101,train
meadows415.jpg,0.481481481,0.2,102,train
meadows420.jpg,0.5,0.2,103,train
meadows432.jpg,0.481481481,0.2,104,train
meadows433.jpg,0.5,0.2,105,train
meadows46.jpg,0.5,0.2,106,train
meadows477.jpg,0.5,0.2,107,train
meadows496.jpg,0.5,0.2,108,train
meadows62.jpg,0.481481481,0.2,109,train
meadows70.jpg,0.481481481,0.2,110,train
meadows84.jpg,0.472222222,0.2,111,train
waters102.jpg,0.5,0.2,112,train
waters107.jpg,0.5,0.2,113,train
waters11.jpg,0.5,0.2,114,train
waters111.jpg,0.5,0.2,115,train
waters112.jpg,0.444444444,0.2,116,train
waters127.jpg,0.472222222,0.2,117,train
waters14.jpg,0.481481481,0.2,118,train
waters168.jpg,0.472222222,0.2,119,train
waters169.jpg,0.472222222,0.2,120,train
waters178.jpg,0.481481481,0.2,121,train
waters193.jpg,0.5,0.2,122,train
waters199.jpg,0.481481481,0.2,123,train
waters207.jpg,0.5,0.2,124,train
waters209.jpg,0.481481481,0.2,125,train
waters265.jpg,0.5,0.2,126,train
waters287.jpg,0.444444444,0.2,127,train
waters291.jpg,0.5,0.2,128,train
waters294.jpg,0.5,0.2,129,train
waters300.jpg,0.472222222,0.2,130,train
waters308.jpg,0.5,0.2,131,train
waters320.jpg,0.5,0.2,132,train
waters324.jpg,0.472222222,0.2,133,train
waters36.jpg,0.481481481,0.2,134,train
waters360.jpg,0.481481481,0.2,135,train
waters362.jpg,0.481481481,0.2,136,train
waters376.jpg,0.486111111,0.2,137,train
waters400.jpg,0.462962963,0.2,138,train
waters465.jpg,0.5,0.2,139,train
forest101.jpg,0.518518519,0.3,0,train
forest104.jpg,0.518518519,0.3,1,train
forest11.jpg,0.555555556,0.3,2,train
forest137.jpg,0.518518519,0.3,3,train
forest139.jpg,0.518518519,0.3,4,train
forest15.jpg,0.555555556,0.3,5,train
forest181.jpg,0.555555556,0.3,6,train
forest188.jpg,0.537037037,0.3,7,train
forest189.jpg,0.537037037,0.3,8,train
forest190.jpg,0.555555556,0.3,9,train
forest198.jpg,0.555555556,0.3,10,train
forest217.jpg,0.527777778,0.3,11,train
forest237.jpg,0.555555556,0.3,12,train
forest240.jpg,0.518518519,0.3,13,train
forest243.jpg,0.533333333,0.3,14,train
forest250.jpg,0.518518519,0.3,15,train
forest254.jpg,0.518518519,0.3,16,train
forest271.jpg,0.518518519,0.3,17,train
forest282.jpg,0.527777778,0.3,18,train
forest283.jpg,0.518518519,0.3,19,train
forest290.jpg,0.518518519,0.3,20,train
forest314.jpg,0.518518519,0.3,21,train
forest315.jpg,0.555555556,0.3,22,train
forest32.jpg,0.527777778,0.3,23,train
forest35.jpg,0.555555556,0.3,24,train
forest364.jpg,0.518518519,0.3,25,train
forest378.jpg,0.527777778,0.3,26,train
forest399.jpg,0.518518519,0.3,27,train
forest4.jpg,0.555555556,0.3,28,train
forest425.jpg,0.518518519,0.3,29,train
forest440.jpg,0.527777778,0.3,30,train
forest446.jpg,0.527777778,0.3,31,train
forest45.jpg,0.527777778,0.3,32,train
forest462.jpg,0.537037037,0.3,33,train
forest478.jpg,0.518518519,0.3,34,train
forest490.jpg,0.527777778,0.3,35,train
forest498.jpg,0.527777778,0.3,36,train
forest530.jpg,0.511111111,0.3,37,train
forest534.jpg,0.555555556,0.3,38,train
forest556.jpg,0.555555556,0.3,39,train
forest563.jpg,0.518518519,0.3,40,train
forest589.jpg,0.518518519,0.3,41,train
forest593.jpg,0.518518519,0.3,42,train
forest600.jpg,0.555555556,0.3,43,train
forest62.jpg,0.527777778,0.3,44,train
forest77.jpg,0.511111111,0.3,45,train
forest87.jpg,0.518518519,0.3,46,train
forest9.jpg,0.555555556,0.3,47,train
forest91.jpg,0.537037037,0.3,48,train
meadows139.jpg,0.518518519,0.3,49,train
meadows149.jpg,0.518518519,0.3,50,train
meadows165.jpg,0.555555556,0.3,51,train
meadows180.jpg,0.522222222,0.3,52,train
meadows187.jpg,0.518518519,0.3,53,train
meadows196.jpg,0.541666667,0.3,54,train
meadows205.jpg,0.541666667,0.3,55,train
meadows227.jpg,0.555555556,0.3,56,train
meadows233.jpg,0.555555556,0.3,57,train
meadows271.jpg,0.518518519,0.3,58,train
meadows274.jpg,0.518518519,0.3,59,train
meadows296.jpg,0.527777778,0.3,60,train
meadows298.jpg,0.518518519,0.3,61,train
meadows345.jpg,0.518518519,0.3,62,train
meadows379.jpg,0.537037037,0.3,63,train
meadows4.jpg,0.527777778,0.3,64,train
meadows40.jpg,0.537037037,0.3,65,train
meadows450.jpg,0.518518519,0.3,66,train
meadows453.jpg,0.527777778,0.3,67,train
meadows454.jpg,0.518518519,0.3,68,train
meadows500.jpg,0.518518519,0.3,69,train
meadows61.jpg,0.511111111,0.3,70,train
meadows64.jpg,0.518518519,0.3,71,train
meadows89.jpg,0.518518519,0.3,72,train
meadows9.jpg,0.541666667,0.3,73,train
waters101.jpg,0.527777778,0.3,74,train
waters104.jpg,0.518518519,0.3,75,train
waters166.jpg,0.518518519,0.3,76,train
waters184.jpg,0.527777778,0.3,77,train
waters254.jpg,0.537037037,0.3,78,train
waters304.jpg,0.527777778,0.3,79,train
waters309.jpg,0.527777778,0.3,80,train
waters336.jpg,0.537037037,0.3,81,train
waters344.jpg,0.555555556,0.3,82,train
waters385.jpg,0.518518519,0.3,83,train
forest100.jpg,0.555555556,0.4,0,train
forest114.jpg,0.555555556,0.4,1,train
forest128.jpg,0.555555556,0.4,2,train
forest129.jpg,0.555555556,0.4,3,train
forest131.jpg,0.555555556,0.4,4,train
forest134.jpg,0.555555556,0.4,5,train
forest14.jpg,0.583333333,0.4,6,train
forest141.jpg,0.569444444,0.4,7,train
forest150.jpg,0.555555556,0.4,8,train
forest152.jpg,0.555555556,0.4,9,train
forest175.jpg,0.555555556,0.4,10,train
forest176.jpg,0.555555556,0.4,11,train
forest177.jpg,0.555555556,0.4,12,train
forest210.jpg,0.555555556,0.4,13,train
forest215.jpg,0.555555556,0.4,14,train
forest247.jpg,0.574074074,0.4,15,train
forest279.jpg,0.555555556,0.4,16,train
forest280.jpg,0.555555556,0.4,17,train
forest293.jpg,0.555555556,0.4,18,train
forest307.jpg,0.555555556,0.4,19,train
forest355.jpg,0.555555556,0.4,20,train
forest36.jpg,0.555555556,0.4,21,train
forest370.jpg,0.583333333,0.4,22,train
forest372.jpg,0.583333333,0.4,23,train
forest374.jpg,0.569444444,0.4,24,train
forest382.jpg,0.583333333,0.4,25,train
forest384.jpg,0.555555556,0.4,26,train
forest405.jpg,0.555555556,0.4,27,train
forest438.jpg,0.555555556,0.4,28,train
forest465.jpg,0.555555556,0.4,29,train
forest473.jpg,0.555555556,0.4,30,train
forest488.jpg,0.583333333,0.4,31,train
forest515.jpg,0.555555556,0.4,32,train
forest516.jpg,0.555555556,0.4,33,train
forest522.jpg,0.583333333,0.4,34,train
forest526.jpg,0.555555556,0.4,35,train
forest531.jpg,0.555555556,0.4,36,train
forest535.jpg,0.555555556,0.4,37,train
forest547.jpg,0.555555556,0.4,38,train
forest548.jpg,0.583333333,0.4,39,train
forest55.jpg,0.555555556,0.4,40,train
forest557.jpg,0.583333333,0.4,41,train
forest565.jpg,0.555555556,0.4,42,train
forest57.jpg,0.555555556,0.4,43,train
forest592.jpg,0.555555556,0.4,44,train
forest597.jpg,0.555555556,0.4,45,train
forest6.jpg,0.588888889,0.4,46,train
forest83.jpg,0.583333333,0.4,47,train
meadows10.jpg,0.583333333,0.4,48,train
meadows100.jpg,0.555555556,0.4,49,train
meadows109.jpg,0.555555556,0.4,50,train
meadows112.jpg,0.555555556,0.4,51,train
meadows116.jpg,0.555555556,0.4,52,train
meadows124.jpg,0.574074074,0.4,53,train
meadows128.jpg,0.555555556,0.4,54,train
meadows144.jpg,0.555555556,0.4,55,train
meadows157.jpg,0.555555556,0.4,56,train
meadows18.jpg,0.555555556,0.4,57,train
meadows181.jpg,0.555555556,0.4,58,train
meadows192.jpg,0.555555556,0.4,59,train
meadows194.jpg,0.555555556,0.4,60,train
meadows195.jpg,0.555555556,0.4,61,train
meadows201.jpg,0.555555556,0.4,62,train
meadows213.jpg,0.583333333,0.4,63,train
meadows217.jpg,0.555555556,0.4,64,train
meadows234.jpg,0.555555556,0.4,65,train
meadows236.jpg,0.555555556,0.4,66,train
meadows249.jpg,0.555555556,0.4,67,train
meadows259.jpg,0.555555556,0.4,68,train
meadows280.jpg,0.555555556,0.4,69,train
meadows282.jpg,0.555555556,0.4,70,train
meadows313.jpg,0.555555556,0.4,71,train
meadows315.jpg,0.574074074,0.4,72,train
meadows320.jpg,0.555555556,0.4,73,train
meadows333.jpg,0.555555556,0.4,74,train
meadows338.jpg,0.555555556,0.4,75,train
meadows341.jpg,0.555555556,0.4,76,train
meadows343.jpg,0.555555556,0.4,77,train
meadows357.jpg,0.555555556,0.4,78,train
meadows36.jpg,0.555555556,0.4,79,train
meadows38.jpg,0.555555556,0.4,80,train
meadows429.jpg,0.555555556,0.4,81,train
meadows449.jpg,0.555555556,0.4,82,train
meadows451.jpg,0.583333333,0.4,83,train
meadows452.jpg,0.555555556,0.4,84,train
meadows456.jpg,0.555555556,0.4,85,train
meadows467.jpg,0.555555556,0.4,86,train
meadows473.jpg,0.555555556,0.4,87,train
meadows479.jpg,0.555555556,0.4,88,train
meadows489.jpg,0.555555556,0.4,89,train
meadows492.jpg,0.555555556,0.4,90,train
meadows56.jpg,0.574074074,0.4,91,train
meadows69.jpg,0.555555556,0.4,92,train
meadows72.jpg,0.555555556,0.4,93,train
meadows85.jpg,0.555555556,0.4,94,train
meadows88.jpg,0.583333333,0.4,95,train
meadows99.jpg,0.555555556,0.4,96,train
waters119.jpg,0.555555556,0.4,97,train
waters145.jpg,0.555555556,0.4,98,train
waters152.jpg,0.555555556,0.4,99,train
waters158.jpg,0.577777778,0.4,100,train
waters163.jpg,0.574074074,0.4,101,train
waters182.jpg,0.555555556,0.4,102,train
waters186.jpg,0.555555556,0.4,103,train
waters189.jpg,0.555555556,0.4,104,train
waters19.jpg,0.555555556,0.4,105,train
waters21.jpg,0.555555556,0.4,106,train
waters244.jpg,0.555555556,0.4,107,train
waters274.jpg,0.555555556,0.4,108,train
waters29.jpg,0.555555556,0.4,109,train
waters293.jpg,0.555555556,0.4,110,train
waters306.jpg,0.555555556,0.4,111,train
waters307.jpg,0.583333333,0.4,112,train
waters314.jpg,0.583333333,0.4,113,train
waters326.jpg,0.569444444,0.4,114,train
waters33.jpg,0.555555556,0.4,115,train
waters370.jpg,0.555555556,0.4,116,train
waters387.jpg,0.577777778,0.4,117,train
waters404.jpg,0.583333333,0.4,118,train
waters41.jpg,0.555555556,0.4,119,train
waters411.jpg,0.555555556,0.4,120,train
waters416.jpg,0.555555556,0.4,121,train
waters433.jpg,0.555555556,0.4,122,train
waters438.jpg,0.555555556,0.4,123,train
waters454.jpg,0.555555556,0.4,124,train
waters457.jpg,0.555555556,0.4,125,train
waters506.jpg,0.555555556,0.4,126,train
waters512.jpg,0.555555556,0.4,127,train
forest116.jpg,0.611111111,0.5,0,train
forest122.jpg,0.611111111,0.5,1,train
forest126.jpg,0.611111111,0.5,2,train
forest133.jpg,0.592592593,0.5,3,train
forest153.jpg,0.611111111,0.5,4,train
forest162.jpg,0.611111111,0.5,5,train
forest179.jpg,0.611111111,0.5,6,train
forest186.jpg,0.611111111,0.5,7,train
forest202.jpg,0.611111111,0.5,8,train
forest206.jpg,0.592592593,0.5,9,train
forest213.jpg,0.611111111,0.5,10,train
forest230.jpg,0.611111111,0.5,11,train
forest231.jpg,0.611111111,0.5,12,train
forest233.jpg,0.611111111,0.5,13,train
forest234.jpg,0.611111111,0.5,14,train
forest263.jpg,0.592592593,0.5,15,train
forest30.jpg,0.611111111,0.5,16,train
forest31.jpg,0.611111111,0.5,17,train
forest313.jpg,0.592592593,0.5,18,train
forest320.jpg,0.611111111,0.5,19,train
forest337.jpg,0.611111111,0.5,20,train
forest338.jpg,0.592592593,0.5,21,train
forest354.jpg,0.611111111,0.5,22,train
forest386.jpg,0.611111111,0.5,23,train
forest389.jpg,0.592592593,0.5,24,train
forest394.jpg,0.592592593,0.5,25,train
forest401.jpg,0.592592593,0.5,26,train
forest404.jpg,0.592592593,0.5,27,train
forest411.jpg,0.611111111,0.5,28,train
forest416.jpg,0.611111111,0.5,29,train
forest419.jpg,0.611111111,0.5,30,train
forest432.jpg,0.611111111,0.5,31,train
forest434.jpg,0.611111111,0.5,32,train
forest453.jpg,0.592592593,0.5,33,train
forest459.jpg,0.592592593,0.5,34,train
forest461.jpg,0.592592593,0.5,35,train
forest486.jpg,0.611111111,0.5,36,train
forest511.jpg,0.611111111,0.5,37,train
forest517.jpg,0.611111111,0.5,38,train
forest518.jpg,0.611111111,0.5,39,train
forest525.jpg,0.611111111,0.5,40,train
forest528.jpg,0.592592593,0.5,41,train
forest541.jpg,0.592592593,0.5,42,train
forest582.jpg,0.592592593,0.5,43,train
forest586.jpg,0.611111111,0.5,44,train
forest595.jpg,0.611111111,0.5,45,train
forest596.jpg,0.592592593,0.5,46,train
forest96.jpg,0.597222222,0.5,47,train
meadows108.jpg,0.592592593,0.5,48,train
meadows113.jpg,0.611111111,0.5,49,train
meadows119.jpg,0.592592593,0.5,50,train
meadows126.jpg,0.592592593,0.5,51,train
meadows127.jpg,0.611111111,0.5,52,train
meadows134.jpg,0.611111111,0.5,53,train
meadows136.jpg,0.611111111,0.5,54,train
meadows16.jpg,0.592592593,0.5,55,train
meadows164.jpg,0.611111111,0.5,56,train
meadows178.jpg,0.592592593,0.5,57,train
meadows211.jpg,0.611111111,0.5,58,train
meadows229.jpg,0.611111111,0.5,59,train
meadows244.jpg,0.611111111,0.5,60,train
meadows246.jpg,0.611111111,0.5,61,train
meadows255.jpg,0.611111111,0.5,62,train
meadows257.jpg,0.611111111,0.5,63,train
meadows264.jpg,0.611111111,0.5,64,train
meadows265.jpg,0.611111111,0.5,65,train
meadows281.jpg,0.611111111,0.5,66,train
meadows286.jpg,0.611111111,0.5,67,train
meadows29.jpg,0.592592593,0.5,68,train
meadows291.jpg,0.611111111,0.5,69,train
meadows297.jpg,0.611111111,0.5,70,train
meadows302.jpg,0.611111111,0.5,71,train
meadows304.jpg,0.611111111,0.5,72,train
meadows32.jpg,0.611111111,0.5,73,train
meadows324.jpg,0.592592593,0.5,74,train
meadows336.jpg,0.611111111,0.5,75,train
meadows349.jpg,0.611111111,0.5,76,train
meadows351.jpg,0.611111111,0.5,77,train
meadows371.jpg,0.611111111,0.5,78,train
meadows377.jpg,0.611111111,0.5,79,train
meadows385.jpg,0.592592593,0.5,80,train
meadows387.jpg,0.592592593,0.5,81,train
meadows389.jpg,0.611111111,0.5,82,train
meadows397.jpg,0.611111111,0.5,83,train
meadows400.jpg,0.592592593,0.5,84,train
meadows424.jpg,0.592592593,0.5,85,train
meadows426.jpg,0.592592593,0.5,86,train
meadows428.jpg,0.611111111,0.5,87,train
meadows435.jpg,0.611111111,0.5,88,train
meadows437.jpg,0.611111111,0.5,89,train
meadows439.jpg,0.592592593,0.5,90,train
meadows441.jpg,0.592592593,0.5,91,train
meadows443.jpg,0.611111111,0.5,92,train
meadows447.jpg,0.611111111,0.5,93,train
meadows45.jpg,0.611111111,0.5,94,train
meadows458.jpg,0.592592593,0.5,95,train
meadows469.jpg,0.611111111,0.5,96,train
meadows474.jpg,0.611111111,0.5,97,train
meadows486.jpg,0.611111111,0.5,98,train
meadows494.jpg,0.611111111,0.5,99,train
meadows53.jpg,0.611111111,0.5,100,train
meadows74.jpg,0.611111111,0.5,101,train
meadows96.jpg,0.611111111,0.5,102,train
meadows98.jpg,0.592592593,0.5,103,train
waters121.jpg,0.611111111,0.5,104,train
waters123.jpg,0.6,0.5,105,train
waters140.jpg,0.611111111,0.5,106,train
waters151.jpg,0.592592593,0.5,107,train
waters171.jpg,0.592592593,0.5,108,train
waters198.jpg,0.592592593,0.5,109,train
waters201.jpg,0.611111111,0.5,110,train
waters219.jpg,0.611111111,0.5,111,train
waters23.jpg,0.611111111,0.5,112,train
waters231.jpg,0.611111111,0.5,113,train
waters232.jpg,0.611111111,0.5,114,train
waters237.jpg,0.611111111,0.5,115,train
waters238.jpg,0.611111111,0.5,116,train
waters270.jpg,0.611111111,0.5,117,train
waters280.jpg,0.592592593,0.5,118,train
waters281.jpg,0.611111111,0.5,119,train
waters290.jpg,0.611111111,0.5,120,train
waters3.jpg,0.611111111,0.5,121,train
waters317.jpg,0.611111111,0.5,122,train
waters327.jpg,0.611111111,0.5,123,train
waters342.jpg,0.592592593,0.5,124,train
waters349.jpg,0.6,0.5,125,train
waters351.jpg,0.592592593,0.5,126,train
waters363.jpg,0.611111111,0.5,127,train
waters369.jpg,0.611111111,0.5,128,train
waters371.jpg,0.611111111,0.5,129,train
waters373.jpg,0.592592593,0.5,130,train
waters374.jpg,0.611111111,0.5,131,train
waters386.jpg,0.592592593,0.5,132,train
waters420.jpg,0.592592593,0.5,133,train
waters422.jpg,0.611111111,0.5,134,train
waters439.jpg,0.611111111,0.5,135,train
waters473.jpg,0.592592593,0.5,136,train
waters507.jpg,0.611111111,0.5,137,train
waters51.jpg,0.611111111,0.5,138,train
waters520.jpg,0.611111111,0.5,139,train
waters528.jpg,0.611111111,0.5,140,train
waters543.jpg,0.597222222,0.5,141,train
forest10.jpg,0.638888889,0.6,0,train
forest103.jpg,0.625,0.6,1,train
forest138.jpg,0.666666667,0.6,2,train
forest143.jpg,0.62962963,0.6,3,train
forest170.jpg,0.638888889,0.6,4,train
forest191.jpg,0.62962963,0.6,5,train
forest199.jpg,0.622222222,0.6,6,train
forest205.jpg,0.652777778,0.6,7,train
forest211.jpg,0.62962963,0.6,8,train
forest222.jpg,0.666666667,0.6,9,train
forest224.jpg,0.666666667,0.6,10,train
forest244.jpg,0.638888889,0.6,11,train
forest249.jpg,0.666666667,0.6,12,train
forest264.jpg,0.666666667,0.6,13,train
forest265.jpg,0.62962963,0.6,14,train
forest266.jpg,0.62962963,0.6,15,train
forest27.jpg,0.666666667,0.6,16,train
forest304.jpg,0.638888889,0.6,17,train
forest316.jpg,0.666666667,0.6,18,train
forest33.jpg,0.62962963,0.6,19,train
forest333.jpg,0.666666667,0.6,20,train
forest390.jpg,0.62962963,0.6,21,train
forest392.jpg,0.666666667,0.6,22,train
forest422.jpg,0.666666667,0.6,23,train
forest427.jpg,0.666666667,0.6,24,train
forest430.jpg,0.666666667,0.6,25,train
forest435.jpg,0.666666667,0.6,26,train
forest447.jpg,0.666666667,0.6,27,train
forest450.jpg,0.62962963,0.6,28,train
forest452.jpg,0.62962963,0.6,29,train
forest477.jpg,0.666666667,0.6,30,train
forest479.jpg,0.666666667,0.6,31,train
forest491.jpg,0.638888889,0.6,32,train
forest503.jpg,0.666666667,0.6,33,train
forest505.jpg,0.666666667,0.6,34,train
forest508.jpg,0.666666667,0.6,35,train
forest532.jpg,0.666666667,0.6,36,train
forest537.jpg,0.666666667,0.6,37,train
forest561.jpg,0.666666667,0.6,38,train
forest562.jpg,0.62962963,0.6,39,train
forest572.jpg,0.666666667,0.6,40,train
forest588.jpg,0.666666667,0.6,41,train
forest594.jpg,0.666666667,0.6,42,train
forest73.jpg,0.666666667,0.6,43,train
forest80.jpg,0.666666667,0.6,44,train
forest90.jpg,0.622222222,0.6,45,train
meadows103.jpg,0.666666667,0.6,46,train
meadows121.jpg,0.666666667,0.6,47,train
meadows125.jpg,0.666666667,0.6,48,train
meadows148.jpg,0.666666667,0.6,49,train
meadows150.jpg,0.62962963,0.6,50,train
meadows153.jpg,0.666666667,0.6,51,train
meadows167.jpg,0.666666667,0.6,52,train
meadows171.jpg,0.666666667,0.6,53,train
meadows176.jpg,0.638888889,0.6,54,train
meadows186.jpg,0.666666667,0.6,55,train
meadows189.jpg,0.666666667,0.6,56,train
meadows200.jpg,0.62962963,0.6,57,train
meadows204.jpg,0.62962963,0.6,58,train
meadows22.jpg,0.638888889,0.6,59,train
meadows223.jpg,0.638888889,0.6,60,train
meadows24.jpg,0.62962963,0.6,61,train
meadows241.jpg,0.666666667,0.6,62,train
meadows251.jpg,0.666666667,0.6,63,train
meadows272.jpg,0.62962963,0.6,64,train
meadows273.jpg,0.62962963,0.6,65,train
meadows283.jpg,0.666666667,0.6,66,train
meadows295.jpg,0.622222222,0.6,67,train
meadows30.jpg,0.62962963,0.6,68,train
meadows300.jpg,0.638888889,0.6,69,train
meadows321.jpg,0.638888889,0.6,70,train
meadows325.jpg,0.638888889,0.6,71,train
meadows348.jpg,0.657407407,0.6,72,train
meadows356.jpg,0.666666667,0.6,73,train
meadows360.jpg,0.666666667,0.6,74,train
meadows375.jpg,0.666666667,0.6,75,train
meadows381.jpg,0.62962963,0.6,76,train
meadows41.jpg,0.666666667,0.6,77,train
meadows414.jpg,0.62962963,0.6,78,train
meadows416.jpg,0.666666667,0.6,79,train
meadows417.jpg,0.62962963,0.6,80,train
meadows422.jpg,0.62962963,0.6,81,train
meadows425.jpg,0.638888889,0.6,82,train
meadows430.jpg,0.638888889,0.6,83,train
meadows438.jpg,0.666666667,0.6,84,train
meadows448.jpg,0.666666667,0.6,85,train
meadows464.jpg,0.62962963,0.6,86,train
meadows471.jpg,0.652777778,0.6,87,train
meadows488.jpg,0.666666667,0.6,88,train
meadows490.jpg,0.666666667,0.6,89,train
meadows5.jpg,0.666666667,0.6,90,train
meadows6.jpg,0.666666667,0.6,91,train
meadows92.jpg,0.666666667,0.6,92,train
meadows93.jpg,0.666666667,0.6,93,train
waters122.jpg,0.666666667,0.6,94,train
waters126.jpg,0.62962963,0.6,95,train
waters132.jpg,0.644444444,0.6,96,train
waters149.jpg,0.666666667,0.6,97,train
waters150.jpg,0.666666667,0.6,98,train
waters157.jpg,0.62962963,0.6,99,train
waters176.jpg,0.638888889,0.6,100,train
waters191.jpg,0.62962963,0.6,101,train
waters192.jpg,0.666666667,0.6,102,train
waters206.jpg,0.666666667,0.6,103,train
waters213.jpg,0.666666667,0.6,104,train
waters214.jpg,0.644444444,0.6,105,train
waters221.jpg,0.62962963,0.6,106,train
waters230.jpg,0.62962963,0.6,107,train
waters240.jpg,0.644444444,0.6,108,train
waters241.jpg,0.62962963,0.6,109,train
waters243.jpg,0.666666667,0.6,110,train
waters246.jpg,0.638888889,0.6,111,train
waters247.jpg,0.666666667,0.6,112,train
waters255.jpg,0.666666667,0.6,113,train
waters258.jpg,0.62962963,0.6,114,train
waters259.jpg,0.666666667,0.6,115,train
waters266.jpg,0.62962963,0.6,116,train
waters268.jpg,0.62962963,0.6,117,train
waters272.jpg,0.666666667,0.6,118,train
waters279.jpg,0.638888889,0.6,119,train
waters282.jpg,0.625,0.6,120,train
waters283.jpg,0.62962963,0.6,121,train
waters284.jpg,0.62962963,0.6,122,train
waters286.jpg,0.666666667,0.6,123,train
waters289.jpg,0.666666667,0.6,124,train
waters296.jpg,0.666666667,0.6,125,train
waters30.jpg,0.666666667,0.6,126,train
waters303.jpg,0.62962963,0.6,127,train
waters313.jpg,0.666666667,0.6,128,train
waters337.jpg,0.666666667,0.6,129,train
waters341.jpg,0.666666667,0.6,130,train
waters346.jpg,0.638888889,0.6,131,train
waters366.jpg,0.666666667,0.6,132,train
waters368.jpg,0.666666667,0.6,133,train
waters372.jpg,0.666666667,0.6,134,train
waters38.jpg,0.62962963,0.6,135,train
waters390.jpg,0.638888889,0.6,136,train
waters397.jpg,0.666666667,0.6,137,train
waters410.jpg,0.62962963,0.6,138,train
waters415.jpg,0.62962963,0.6,139,train
waters427.jpg,0.62962963,0.6,140,train
waters432.jpg,0.666666667,0.6,141,train
waters436.jpg,0.638888889,0.6,142,train
waters463.jpg,0.666666667,0.6,143,train
waters475.jpg,0.638888889,0.6,144,train
waters478.jpg,0.666666667,0.6,145,train
waters497.jpg,0.666666667,0.6,146,train
waters508.jpg,0.62962963,0.6,147,train
waters515.jpg,0.666666667,0.6,148,train
waters516.jpg,0.666666667,0.6,149,train
waters535.jpg,0.666666667,0.6,150,train
forest108.jpg,0.703703704,0.7,0,train
forest111.jpg,0.694444444,0.7,1,train
forest123.jpg,0.703703704,0.7,2,train
forest142.jpg,0.666666667,0.7,3,train
forest147.jpg,0.703703704,0.7,4,train
forest148.jpg,0.694444444,0.7,5,train
forest154.jpg,0.722222222,0.7,6,train
forest159.jpg,0.703703704,0.7,7,train
forest172.jpg,0.722222222,0.7,8,train
forest173.jpg,0.722222222,0.7,9,train
forest194.jpg,0.722222222,0.7,10,train
forest20.jpg,0.722222222,0.7,11,train
forest200.jpg,0.703703704,0.7,12,train
forest203.jpg,0.722222222,0.7,13,train
forest232.jpg,0.666666667,0.7,14,train
forest323.jpg,0.666666667,0.7,15,train
forest327.jpg,0.666666667,0.7,16,train
forest358.jpg,0.694444444,0.7,17,train
forest362.jpg,0.666666667,0.7,18,train
forest380.jpg,0.722222222,0.7,19,train
forest381.jpg,0.666666667,0.7,20,train
forest397.jpg,0.722222222,0.7,21,train
forest413.jpg,0.703703704,0.7,22,train
forest449.jpg,0.694444444,0.7,23,train
forest451.jpg,0.666666667,0.7,24,train
forest466.jpg,0.680555556,0.7,25,train
forest482.jpg,0.711111111,0.7,26,train
forest483.jpg,0.694444444,0.7,27,train
forest499.jpg,0.703703704,0.7,28,train
forest501.jpg,0.666666667,0.7,29,train
forest509.jpg,0.703703704,0.7,30,train
forest521.jpg,0.703703704,0.7,31,train
forest524.jpg,0.722222222,0.7,32,train
forest529.jpg,0.722222222,0.7,33,train
forest54.jpg,0.666666667,0.7,34,train
forest546.jpg,0.666666667,0.7,35,train
forest559.jpg,0.694444444,0.7,36,train
forest564.jpg,0.722222222,0.7,37,train
forest568.jpg,0.666666667,0.7,38,train
forest574.jpg,0.666666667,0.7,39,train
forest587.jpg,0.722222222,0.7,40,train
forest63.jpg,0.694444444,0.7,41,train
forest69.jpg,0.694444444,0.7,42,train
forest8.jpg,0.666666667,0.7,43,train
forest88.jpg,0.722222222,0.7,44,train
forest93.jpg,0.666666667,0.7,45,train
forest95.jpg,0.688888889,0.7,46,train
meadows115.jpg,0.722222222,0.7,47,train
meadows146.jpg,0.722222222,0.7,48,train
meadows154.jpg,0.694444444,0.7,49,train
meadows162.jpg,0.666666667,0.7,50,train
meadows166.jpg,0.666666667,0.7,51,train
meadows185.jpg,0.722222222,0.7,52,train
meadows202.jpg,0.666666667,0.7,53,train
meadows212.jpg,0.722222222,0.7,54,train
meadows240.jpg,0.722222222,0.7,55,train
meadows262.jpg,0.722222222,0.7,56,train
meadows277.jpg,0.722222222,0.7,57,train
meadows287.jpg,0.666666667,0.7,58,train
meadows3.jpg,0.666666667,0.7,59,train
meadows308.jpg,0.703703704,0.7,60,train
meadows309.jpg,0.666666667,0.7,61,train
meadows311.jpg,0.722222222,0.7,62,train
meadows328.jpg,0.666666667,0.7,63,train
meadows332.jpg,0.722222222,0.7,64,train
meadows383.jpg,0.722222222,0.7,65,train
meadows384.jpg,0.722222222,0.7,66,train
meadows393.jpg,0.703703704,0.7,67,train
meadows404.jpg,0.666666667,0.7,68,train
meadows405.jpg,0.680555556,0.7,69,train
meadows408.jpg,0.722222222,0.7,70,train
meadows413.jpg,0.722222222,0.7,71,train
meadows418.jpg,0.666666667,0.7,72,train
meadows421.jpg,0.722222222,0.7,73,train
meadows446.jpg,0.722222222,0.7,74,train
meadows457.jpg,0.703703704,0.7,75,train
meadows476.jpg,0.722222222,0.7,76,train
meadows485.jpg,0.703703704,0.7,77,train
meadows51.jpg,0.703703704,0.7,78,train
meadows58.jpg,0.666666667,0.7,79,train
meadows63.jpg,0.722222222,0.7,80,train
meadows68.jpg,0.680555556,0.7,81,train
meadows83.jpg,0.685185185,0.7,82,train
waters108.jpg,0.722222222,0.7,83,train
waters134.jpg,0.703703704,0.7,84,train
waters143.jpg,0.703703704,0.7,85,train
waters20.jpg,0.703703704,0.7,86,train
waters217.jpg,0.722222222,0.7,87,train
waters223.jpg,0.722222222,0.7,88,train
waters229.jpg,0.722222222,0.7,89,train
waters24.jpg,0.666666667,0.7,90,train
waters245.jpg,0.722222222,0.7,91,train
waters25.jpg,0.722222222,0.7,92,train
waters26.jpg,0.703703704,0.7,93,train
waters315.jpg,0.722222222,0.7,94,train
waters319.jpg,0.703703704,0.7,95,train
waters329.jpg,0.666666667,0.7,96,train
waters339.jpg,0.722222222,0.7,97,train
waters350.jpg,0.703703704,0.7,98,train
waters379.jpg,0.703703704,0.7,99,train
waters381.jpg,0.703703704,0.7,100,train
waters398.jpg,0.722222222,0.7,101,train
waters423.jpg,0.694444444,0.7,102,train
waters426.jpg,0.666666667,0.7,103,train
waters428.jpg,0.666666667,0.7,104,train
waters437.jpg,0.703703704,0.7,105,train
waters446.jpg,0.679012346,0.7,106,train
waters47.jpg,0.722222222,0.7,107,train
waters498.jpg,0.722222222,0.7,108,train
waters499.jpg,0.688888889,0.7,109,train
waters502.jpg,0.694444444,0.7,110,train
waters504.jpg,0.703703704,0.7,111,train
waters514.jpg,0.703703704,0.7,112,train
waters518.jpg,0.703703704,0.7,113,train
waters519.jpg,0.694444444,0.7,114,train
waters529.jpg,0.666666667,0.7,115,train
waters55.jpg,0.722222222,0.7,116,train
waters551.jpg,0.703703704,0.7,117,train
waters555.jpg,0.703703704,0.7,118,train
waters563.jpg,0.703703704,0.7,119,train
waters570.jpg,0.679012346,0.7,120,train
waters592.jpg,0.694444444,0.7,121,train
waters6.jpg,0.666666667,0.7,122,train
waters600.jpg,0.722222222,0.7,123,train
forest120.jpg,0.75,0.8,0,train
forest16.jpg,0.777777778,0.8,1,train
forest164.jpg,0.777777778,0.8,2,train
forest167.jpg,0.777777778,0.8,3,train
forest168.jpg,0.777777778,0.8,4,train
forest174.jpg,0.740740741,0.8,5,train
forest196.jpg,0.777777778,0.8,6,train
forest219.jpg,0.777777778,0.8,7,train
forest242.jpg,0.759259259,0.8,8,train
forest245.jpg,0.763888889,0.8,9,train
forest277.jpg,0.740740741,0.8,10,train
forest305.jpg,0.777777778,0.8,11,train
forest334.jpg,0.777777778,0.8,12,train
forest348.jpg,0.777777778,0.8,13,train
forest365.jpg,0.777777778,0.8,14,train
forest39.jpg,0.75,0.8,15,train
forest410.jpg,0.766666667,0.8,16,train
forest421.jpg,0.777777778,0.8,17,train
forest43.jpg,0.763888889,0.8,18,train
forest431.jpg,0.759259259,0.8,19,train
forest454.jpg,0.777777778,0.8,20,train
forest46.jpg,0.777777778,0.8,21,train
forest481.jpg,0.777777778,0.8,22,train
forest484.jpg,0.777777778,0.8,23,train
forest495.jpg,0.740740741,0.8,24,train
forest500.jpg,0.777777778,0.8,25,train
forest51.jpg,0.740740741,0.8,26,train
forest519.jpg,0.733333333,0.8,27,train
forest533.jpg,0.75,0.8,28,train
forest542.jpg,0.75,0.8,29,train
forest553.jpg,0.740740741,0.8,30,train
forest554.jpg,0.777777778,0.8,31,train
forest579.jpg,0.777777778,0.8,32,train
forest598.jpg,0.777777778,0.8,33,train
forest60.jpg,0.728395062,0.8,34,train
forest79.jpg,0.75,0.8,35,train
forest94.jpg,0.759259259,0.8,36,train
meadows102.jpg,0.777777778,0.8,37,train
meadows12.jpg,0.777777778,0.8,38,train
meadows145.jpg,0.768518519,0.8,39,train
meadows168.jpg,0.777777778,0.8,40,train
meadows169.jpg,0.75,0.8,41,train
meadows175.jpg,0.740740741,0.8,42,train
meadows225.jpg,0.75,0.8,43,train
meadows228.jpg,0.777777778,0.8,44,train
meadows248.jpg,0.75,0.8,45,train
meadows256.jpg,0.777777778,0.8,46,train
meadows260.jpg,0.722222222,0.8,47,train
meadows261.jpg,0.777777778,0.8,48,train
meadows263.jpg,0.740740741,0.8,49,train
meadows279.jpg,0.740740741,0.8,50,train
meadows307.jpg,0.740740741,0.8,51,train
meadows317.jpg,0.763888889,0.8,52,train
meadows323.jpg,0.740740741,0.8,53,train
meadows326.jpg,0.777777778,0.8,54,train
meadows367.jpg,0.777777778,0.8,55,train
meadows370.jpg,0.777777778,0.8,56,train
meadows390.jpg,0.75,0.8,57,train
meadows401.jpg,0.740740741,0.8,58,train
meadows402.jpg,0.777777778,0.8,59,train
meadows423.jpg,0.777777778,0.8,60,train
meadows427.jpg,0.777777778,0.8,61,train
meadows431.jpg,0.755555556,0.8,62,train
meadows442.jpg,0.777777778,0.8,63,train
meadows445.jpg,0.777777778,0.8,64,train
meadows482.jpg,0.777777778,0.8,65,train
meadows55.jpg,0.777777778,0.8,66,train
meadows57.jpg,0.740740741,0.8,67,train
meadows86.jpg,0.777777778,0.8,68,train
waters110.jpg,0.777777778,0.8,69,train
waters114.jpg,0.740740741,0.8,70,train
waters117.jpg,0.777777778,0.8,71,train
waters139.jpg,0.777777778,0.8,72,train
waters154.jpg,0.777777778,0.8,73,train
waters175.jpg,0.777777778,0.8,74,train
waters177.jpg,0.740740741,0.8,75,train
waters190.jpg,0.777777778,0.8,76,train
waters195.jpg,0.777777778,0.8,77,train
waters196.jpg,0.777777778,0.8,78,train
waters205.jpg,0.75,0.8,79,train
waters210.jpg,0.777777778,0.8,80,train
waters216.jpg,0.763888889,0.8,81,train
waters249.jpg,0.777777778,0.8,82,train
waters250.jpg,0.75,0.8,83,train
waters285.jpg,0.777777778,0.8,84,train
waters295.jpg,0.75308642,0.8,85,train
waters299.jpg,0.777777778,0.8,86,train
waters301.jpg,0.777777778,0.8,87,train
waters334.jpg,0.740740741,0.8,88,train
waters347.jpg,0.777777778,0.8,89,train
waters355.jpg,0.763888889,0.8,90,train
waters365.jpg,0.740740741,0.8,91,train
waters380.jpg,0.75,0.8,92,train
waters396.jpg,0.777777778,0.8,93,train
waters40.jpg,0.777777778,0.8,94,train
waters401.jpg,0.777777778,0.8,95,train
waters403.jpg,0.777777778,0.8,96,train
waters409.jpg,0.777777778,0.8,97,train
waters413.jpg,0.777777778,0.8,98,train
waters430.jpg,0.763888889,0.8,99,train
waters434.jpg,0.740740741,0.8,100,train
waters441.jpg,0.740740741,0.8,101,train
waters444.jpg,0.722222222,0.8,102,train
waters462.jpg,0.722222222,0.8,103,train
waters469.jpg,0.740740741,0.8,104,train
waters470.jpg,0.777777778,0.8,105,train
waters485.jpg,0.759259259,0.8,106,train
waters487.jpg,0.740740741,0.8,107,train
waters49.jpg,0.777777778,0.8,108,train
waters492.jpg,0.777777778,0.8,109,train
waters494.jpg,0.777777778,0.8,110,train
waters501.jpg,0.759259259,0.8,111,train
waters521.jpg,0.759259259,0.8,112,train
waters525.jpg,0.777777778,0.8,113,train
waters531.jpg,0.75,0.8,114,train
waters538.jpg,0.777777778,0.8,115,train
waters550.jpg,0.736111111,0.8,116,train
waters553.jpg,0.75,0.8,117,train
forest12.jpg,0.944444444,0.9,0,train
forest145.jpg,0.888888889,0.9,1,train
forest160.jpg,0.833333333,0.9,2,train
forest185.jpg,0.833333333,0.9,3,train
forest193.jpg,0.833333333,0.9,4,train
forest207.jpg,0.833333333,0.9,5,train
forest221.jpg,0.833333333,0.9,6,train
forest23.jpg,0.944444444,0.9,7,train
forest236.jpg,0.851851852,0.9,8,train
forest25.jpg,0.833333333,0.9,9,train
forest26.jpg,0.888888889,0.9,10,train
forest369.jpg,0.833333333,0.9,11,train
forest396.jpg,0.851851852,0.9,12,train
forest402.jpg,0.814814815,0.9,13,train
forest407.jpg,0.833333333,0.9,14,train
forest41.jpg,0.833333333,0.9,15,train
forest428.jpg,0.851851852,0.9,16,train
forest443.jpg,0.851851852,0.9,17,train
forest448.jpg,0.833333333,0.9,18,train
forest47.jpg,0.833333333,0.9,19,train
forest471.jpg,0.888888889,0.9,20,train
forest472.jpg,0.833333333,0.9,21,train
forest513.jpg,0.833333333,0.9,22,train
forest523.jpg,0.888888889,0.9,23,train
forest544.jpg,0.822222222,0.9,24,train
forest558.jpg,0.888888889,0.9,25,train
forest570.jpg,0.833333333,0.9,26,train
forest67.jpg,0.814814815,0.9,27,train
forest75.jpg,0.814814815,0.9,28,train
meadows101.jpg,0.861111111,0.9,29,train
meadows133.jpg,0.833333333,0.9,30,train
meadows173.jpg,0.888888889,0.9,31,train
meadows174.jpg,0.814814815,0.9,32,train
meadows269.jpg,0.805555556,0.9,33,train
meadows365.jpg,0.888888889,0.9,34,train
meadows366.jpg,0.833333333,0.9,35,train
meadows380.jpg,0.805555556,0.9,36,train
meadows388.jpg,0.833333333,0.9,37,train
meadows396.jpg,0.833333333,0.9,38,train
meadows403.jpg,0.833333333,0.9,39,train
meadows410.jpg,0.833333333,0.9,40,train
meadows436.jpg,0.796296296,0.9,41,train
waters10.jpg,0.833333333,0.9,42,train
waters113.jpg,0.87037037,0.9,43,train
waters129.jpg,0.911111111,0.9,44,train
waters131.jpg,0.962962963,0.9,45,train
waters147.jpg,0.925925926,0.9,46,train
waters153.jpg,0.907407407,0.9,47,train
waters159.jpg,0.972222222,0.9,48,train
waters165.jpg,0.861111111,0.9,49,train
waters170.jpg,0.888888889,0.9,50,train
waters194.jpg,0.944444444,0.9,51,train
waters197.jpg,0.833333333,0.9,52,train
waters208.jpg,0.833333333,0.9,53,train
waters220.jpg,0.833333333,0.9,54,train
waters222.jpg,1,0.9,55,train
waters234.jpg,0.833333333,0.9,56,train
waters248.jpg,0.888888889,0.9,57,train
waters269.jpg,0.925925926,0.9,58,train
waters273.jpg,0.866666667,0.9,59,train
waters302.jpg,0.833333333,0.9,60,train
waters321.jpg,0.851851852,0.9,61,train
waters331.jpg,0.805555556,0.9,62,train
waters333.jpg,0.833333333,0.9,63,train
waters340.jpg,0.851851852,0.9,64,train
waters359.jpg,0.833333333,0.9,65,train
waters364.jpg,0.833333333,0.9,66,train
waters378.jpg,0.944444444,0.9,67,train
waters399.jpg,0.916666667,0.9,68,train
waters405.jpg,0.833333333,0.9,69,train
waters421.jpg,0.851851852,0.9,70,train
waters425.jpg,0.833333333,0.9,71,train
waters429.jpg,0.888888889,0.9,72,train
waters445.jpg,0.788888889,0.9,73,train
waters448.jpg,0.814814815,0.9,74,train
waters456.jpg,0.833333333,0.9,75,train
waters460.jpg,0.944444444,0.9,76,train
waters474.jpg,0.861111111,0.9,77,train
waters505.jpg,0.814814815,0.9,78,train
waters509.jpg,0.814814815,0.9,79,train
waters536.jpg,0.814814815,0.9,80,train
waters540.jpg,0.833333333,0.9,81,train
waters542.jpg,0.819444444,0.9,82,train
waters552.jpg,0.888888889,0.9,83,train
waters559.jpg,0.888888889,0.9,84,train
waters577.jpg,0.851851852,0.9,85,train
waters579.jpg,0.944444444,0.9,86,train
waters59.jpg,0.833333333,0.9,87,train
waters590.jpg,0.861111111,0.9,88,train
waters603.jpg,0.814814815,0.9,89,train
waters608.jpg,0.861111111,0.9,90,train
waters611.jpg,0.833333333,0.9,91,train
waters616.jpg,0.888888889,0.9,92,train
waters619.jpg,0.844444444,0.9,93,train
waters623.jpg,0.962962963,0.9,94,train
waters626.jpg,0.925925926,0.9,95,train
waters629.jpg,0.861111111,0.9,96,train
waters636.jpg,0.851851852,0.9,97,train
waters643.jpg,0.972222222,0.9,98,train
waters644.jpg,0.944444444,0.9,99,train
waters646.jpg,0.888888889,0.9,100,train
waters655.jpg,0.851851852,0.9,101,train
waters667.jpg,0.944444444,0.9,102,train
waters679.jpg,0.944444444,0.9,103,train
waters688.jpg,0.814814815,0.9,104,train
waters692.jpg,0.833333333,0.9,105,train
waters693.jpg,0.8,0.9,106,train
waters696.jpg,0.925925926,0.9,107,train
waters701.jpg,0.925925926,0.9,108,train
waters707.jpg,0.833333333,0.9,109,train
waters708.jpg,0.833333333,0.9,110,train
waters714.jpg,0.888888889,0.9,111,train
waters717.jpg,1,0.9,112,train
waters722.jpg,0.833333333,0.9,113,train
waters731.jpg,0.833333333,0.9,114,train
