Filename,Source,Link (if available),Arash's Scores,Maria's Scores,Color Saturation,Framing,Lighting,Clarity,Symmetry,Objective Score,ObjectiveClass,Objective Score Normalized,Maria's Scores Normalized,Random,Set
meadows466.jpg,pixabay,https://pixabay.com/photos/poppies-field-of-poppies-klatschmohn-4278376/,0.222222222,3,0,0,1,1,0,2,0,0.4,0.222222222,1,Train
meadows467.jpg,pixabay,https://pixabay.com/photos/wild-flower-meadow-flowers-bloom-3417207/,0.555555556,6,1,0,1,1,0,3,1,0.6,0.555555556,2,Train
meadows396.jpg,pixabay,https://pixabay.com/photos/meadow-grass-flowers-fantasy-4920663/,0.444444444,5,0,1,1,1,0,3,1,0.6,0.444444444,3,Train
meadows435.jpg,pixabay,https://pixabay.com/photos/crocus-spring-blossom-bloom-300045/,0.777777778,8,1,0,1,1,0,3,1,0.6,0.777777778,4,Train
meadows481.jpg,pixabay,https://pixabay.com/photos/wild-flowers-mark-flowers-summer-626278/,0.222222222,3,0,0,0,1,0,1,0,0.2,0.222222222,5,Train
meadows422.jpg,pixabay,https://pixabay.com/photos/meadow-flower-meadow-daisies-spring-5229203/,0.555555556,6,0,0,1,1,0,2,0,0.4,0.555555556,6,Train
meadows484.jpg,pixabay,https://pixabay.com/photos/poppy-flowers-colorful-779547/,0.777777778,8,1,0,1,1,0,3,1,0.6,0.777777778,7,Train
meadows105.jpg,unsplash,https://unsplash.com/photos/hEjbjw9PpHE,0.333333333,4,1,1,1,1,0,4,1,0.8,0.333333333,8,Train
meadows493.jpg,pixabay,https://pixabay.com/photos/fog-lake-bank-mist-water-grass-5756914/https://pixabay.com/photos/fog-lake-bank-mist-water-grass-5756914/,0.222222222,3,0,1,1,1,0,3,1,0.6,0.222222222,9,Train
meadows276.jpg,unsplash,https://unsplash.com/photos/ypj0GvTSV74,0.222222222,3,0,0,1,1,0,2,0,0.4,0.222222222,10,Train
meadows363.jpg,flickr,https://www.flickr.com/photos/pete_and_emma/9057441463/in/photolist-aWD4C4-p3hyX3-HNzXFz-4NsjUc-ybH5Cv-6CUkCU-6rNpqx-5VBkZQ-6QSr4K-2JPoV1-Vxmzmp-5vNCsU-9XbsQp-d869wh-6DyyhA-6LQyMp-t9ga9g-adUU2n-HNtAP1-nrX35t-yRPdA-NSe7U-2FmoSJ-6er6yf-6emW2x-tBDeE8-g4zwsy-qd69bW-6FjLwE-doMgB-HVZP6y-a2D6pE-eNnKMR-uVyKsW-fjocYf-f8NYtx-9FL56p-KpwgB5-nUfBDW-XCkv9o-nhwLQ1-uQ9TDN-8kKU5p-akRCUR-KX5FJ3-JqxaAq-X74QkQ-dvzZ5A-7T2z3x-Ke3Mao/,0.333333333,4,1,0,1,0,0,2,0,0.4,0.333333333,11,Train
meadows461.jpg,pixabay,https://pixabay.com/photos/dandelion-meadow-flower-meadow-4212767/,0.444444444,5,1,0,1,1,0,3,1,0.6,0.444444444,12,Train
meadows228.jpg,unsplash,https://unsplash.com/photos/kz31XDZpYa4,0.666666667,7,1,0,1,1,0,3,1,0.6,0.666666667,13,Train
meadows127.jpg,unsplash,https://unsplash.com/photos/r0rPKph38RI,0.555555556,6,1,0,0,1,1,3,1,0.6,0.555555556,14,Train
meadows142.jpg,unsplash,https://unsplash.com/photos/0Xe14j3Oj0s,0.444444444,5,1,0,1,0,1,3,1,0.6,0.444444444,15,Train
meadows338.jpg,flickr,https://www.flickr.com/photos/j33pman/5756809828/in/photolist-4NYiuF-vEuuSX-npDnjR-LACabQ-DYrv9S-f7x5xT-GM845e-Mt2Qj-npUAyq-9LH9ZS-aGSxuR-9LEn2n-JnQSDa-o1ADFc-af7fgS-qsYyDA-nJ86k2-9XvWYS-5iCk2v-jksKVv-tcFkys-2Xi7hu-usazf9-akdDyB-wkzb2D-G8CzY3-S1uLa-6DuovR-e27EBf-vBJxzc-nSoELv-4N2ke2-daW4n7-gKz6y-6cjEi9-PXwpN-evCbN8-FSSEUW-5jQWRU-eH7LBD-suy3xD-tQivkp-4YZVUw-a1evUA-cwrzvS-fKZiH-a8G3zo-bVuWNk-cVrmAJ-5gPGwo/,0.333333333,4,1,0,1,1,0,3,1,0.6,0.333333333,16,Train
meadows496.jpg,pixabay,https://pixabay.com/photos/gold-poppy-poppy-sleepy-flowers-5316743/,0.333333333,4,0,0,1,1,0,2,0,0.4,0.333333333,17,Train
meadows434.jpg,pixabay,https://pixabay.com/photos/outlook-landscape-meadow-mountains-2365696/,0.333333333,4,0,1,1,1,0,3,1,0.6,0.333333333,18,Train
meadows248.jpg,unsplash,https://unsplash.com/photos/D3InShujWj4,0.666666667,7,0,0,1,1,1,3,1,0.6,0.666666667,19,Train
meadows297.jpg,unsplash,https://unsplash.com/photos/-POAM_j9Zgw,0.555555556,6,1,0,1,1,0,3,1,0.6,0.555555556,20,Train
meadows415.jpg,pixabay,https://pixabay.com/photos/agriculture-field-landscape-3363932/,0.222222222,3,1,0,0,1,0,2,0,0.4,0.222222222,21,Train
meadows226.jpg,unsplash,https://unsplash.com/photos/GDtK_T_lrEI,0.444444444,5,0,0,0,0,1,1,0,0.2,0.444444444,22,Train
meadows450.jpg,pixabay,https://pixabay.com/photos/flower-meadow-klatschmohn-5246887/,0.222222222,3,0,0,0,1,0,1,0,0.2,0.222222222,23,Train
meadows252.jpg,unsplash,https://unsplash.com/photos/zYV4j5Tv0Ro,0.333333333,4,0,0,0,0,0,0,0,0,0.333333333,24,Train
meadows79.jpg,flickr,https://www.flickr.com/photos/walter_moar/15789628211/in/photolist-d7nVUw-r9KaWU-LACaMu-LScWTt-nrER99-uVzc1Y-o2TGBZ-CycvUi-r4uZH4-cMA3hy-cFuVFN-u5bWGQ-buqn7C-eC7yJz-aVrZnX-zBnxqG-q4gYna-eyUBAk-s955dH-aMRPsc-fWxTax-cqWwbW-pcs11R-r3EmzT-foBHsP-s27Mp3-7K1Aor-cAybvf-bxRKeG-4gPU3E-cLWpa7-KM8S5S-neDcJX-FBivnA-bvbm4U-KnP5Fe-rUTiKi-PTQ1ja-umBgUH-fAJTUP-o9EE2t-nchtB7-qbvq9z-HwdeoK-cZLvB9-pTomtA-uBsTtu-pKmb9N-anK8yT-eTGDqq/,0.222222222,3,0,0,1,0,1,2,0,0.4,0.222222222,25,Train
meadows404.jpg,pixabay,https://pixabay.com/photos/the-alps-spring-meadows-mountains-4209272/,0.555555556,6,0,0,0,1,0,1,0,0.2,0.555555556,26,Train
meadows424.jpg,pixabay,https://pixabay.com/photos/tatras-mountains-sky-clouds-haze-2470928/,0.222222222,3,1,0,1,0,1,3,1,0.6,0.222222222,27,Train
meadows21.jpg,flickr,https://www.flickr.com/photos/ryantaylorphotography/8671370924/in/photolist-6TzfV3-VqsPAx-ej3HxP-f6Tu6g-Jd5bVT-XhcKos-gjy9Nc-82Qhq4-U54HoA-cfZetJ-chhbVC-MCfXZc-MG3RoR-HVsGe1-JycKky-tpYKQd-5pLP3V-n9bUZB-KHZW2Y-bVsena-wyheTk-cfZeof-f9cjMv-9Qvkwk-nZLAST-KQhdL3-f7Asnm-D92GqX-a3WUVL-EQAZvV-9DUt6D-cLcJAG-akdE3v-JfDgh1-9zMM9o-edg3tf-ovPYLW-HFgAf3-z38M9f-KkhWe1-4iXVno-sHNtNH-6qCVAo-6qCVrq-58RDuj-cQk8hL-ScAQPv-ey5CbM-6DupyK-74ciXB/,0.666666667,7,1,0,1,1,0,3,1,0.6,0.666666667,28,Train
meadows94.jpg,flickr,https://www.flickr.com/photos/germanlissy2207/23126068346/in/photolist-PMe1Md-nRBNHo-mWBthA-oFZNFP-Jq9hA5-9C3iMT-niDgPq-GW6xtm-6t5p8e-aoE8RY-bE1LRf-rZLu4E-BQXQgz-bkBqV8-eQp6aY-9J6576-65J9xR-9sLmbg-xiKHtw-Xcgu3C-aym9TD-ocRHna-hNHRNW-pCQ97b-JRa7aT-cDCbKL-cew6yb-sRH5dB-oY335b-f9iHaj-ezUVZj-rXt2hT-tWRrvW-f6VV6t-t2WJsp-uap7C5-gaH9K4-6r4qmx-Bez9qj-nXDG9T-dcf33f-bjzRf-afQQSV-bvboAW-cSaXyG-5bUaV1-vZoCmW-zkEJPx-4TKPhQ-ecJBfn/,0.111111111,2,1,0,1,0,0,2,0,0.4,0.111111111,29,Train
meadows325.jpg,pixabay,https://pixabay.com/photos/tree-flowers-meadow-tree-trunk-276014/,0.333333333,4,1,1,1,1,0,4,1,0.8,0.333333333,30,Train
meadows192.jpg,unsplash,https://unsplash.com/photos/uMo-M14gmZc,0.444444444,5,1,0,1,1,0,3,1,0.6,0.444444444,31,Train
meadows285.jpg,unsplash,https://unsplash.com/photos/NYzwSmtoGVQ,0.444444444,5,0,0,1,1,0,2,0,0.4,0.444444444,32,Train
meadows39.jpg,flickr,https://www.flickr.com/photos/brandonschauer/2837954661/in/photolist-5iCk2v-usazf9-akdDyB-6cjEi9-5jQWRU-eH7LBD-FSSEUW-evCbN8-a8G3zo-auG8yV-bVuWNk-5jMg3M-H1QWRE-G8CzY3-2Xi7hu-S1uLa-6DuovR-e27EBf-vBJxzc-nSoELv-4N2ke2-daW4n7-gKz6y-PXwpN-tQivkp-4YZVUw-a1evUA-fKZiH-cwrzvS-cVrmAJ-5gPGwo-suy3xD-cqWHby-exZUjs-nb3mzt-MWoBcN-C56vbK-6uv9b2-2GoR1-3CGr4-peMefW-LxvZrC-8YE9oc-g7u6sY-vCqxjE-85Apj2-Kn4GJq-vHpaa4-cyZpQA-JgD4Hs/,0.111111111,2,0,1,0,1,0,2,0,0.4,0.111111111,33,Train
meadows31.jpg,flickr,https://www.flickr.com/photos/37177488@N06/18674086240/in/photolist-5iCk2v-usazf9-akdDyB-6cjEi9-5jQWRU-eH7LBD-FSSEUW-evCbN8-a8G3zo-auG8yV-bVuWNk-5jMg3M-H1QWRE-G8CzY3-2Xi7hu-S1uLa-6DuovR-e27EBf-vBJxzc-nSoELv-4N2ke2-daW4n7-gKz6y-PXwpN-tQivkp-4YZVUw-a1evUA-fKZiH-cwrzvS-cVrmAJ-5gPGwo-suy3xD-cqWHby-exZUjs-nb3mzt-MWoBcN-C56vbK-6uv9b2-2GoR1-3CGr4-peMefW-LxvZrC-8YE9oc-g7u6sY-vCqxjE-85Apj2-Kn4GJq-vHpaa4-cyZpQA-JgD4Hs/,0.333333333,4,0,0,0,0,0,0,0,0,0.333333333,34,Train
meadows328.jpg,pixabay,https://pixabay.com/photos/cosmos-flowers-flowers-meadow-1138041/,0.777777778,8,1,0,1,1,0,3,1,0.6,0.777777778,35,Train
meadows275.jpg,unsplash,https://unsplash.com/photos/e58U10DyfHg,0.333333333,4,1,0,1,1,0,3,1,0.6,0.333333333,36,Train
meadows323.jpg,flickr,https://www.flickr.com/photos/97178374@N07/29965957324/in/photolist-rUTiKi-6TzfV3-HVZP6y-EPPwzS-MDZn7C-rZL959-ar6N26-HVsGe1-KX5FJ3-GM845e-FHVsPG-zkEJPx-KKa3za-K4WNqw-A1j17b-KjvqE2-vQng3N-vJazqu-J2dBvd-Hyuhew-H2yRpC-LPFwSq-LoZNNC-MuTQwK-uEecqZ-HbT4zf-GBKZcS-Kkcewu-g4qFjZ-ww9CjP-WeoZJN-HbEbgF-KGqA4k-9QiD9S-28YgYFw-eMRieu-JtQK61-MSJTw3-LScWTt-u4fAf2-xk6vCj-oJyStT-xegJEb-HWdTMA-rN8WjQ-vvNLov-MfJ3vq-VcF1yC-R6kAkf-ziBY1L/,0.555555556,6,0,0,1,1,0,2,0,0.4,0.555555556,37,Train
meadows273.jpg,unsplash,https://unsplash.com/photos/Az8P8lOcgPA,0.555555556,6,1,1,1,0,0,3,1,0.6,0.555555556,38,Train
meadows92.jpg,flickr,https://www.flickr.com/photos/fooming_hoh/28123269325/in/photolist-PMe1Md-nRBNHo-mWBthA-oFZNFP-Jq9hA5-9C3iMT-niDgPq-GW6xtm-6t5p8e-aoE8RY-bE1LRf-rZLu4E-BQXQgz-bkBqV8-eQp6aY-9J6576-65J9xR-9sLmbg-xiKHtw-Xcgu3C-aym9TD-ocRHna-hNHRNW-pCQ97b-JRa7aT-cDCbKL-cew6yb-sRH5dB-oY335b-f9iHaj-ezUVZj-rXt2hT-tWRrvW-f6VV6t-t2WJsp-uap7C5-gaH9K4-6r4qmx-Bez9qj-nXDG9T-dcf33f-bjzRf-afQQSV-bvboAW-cSaXyG-5bUaV1-vZoCmW-zkEJPx-4TKPhQ-ecJBfn/,0.666666667,7,0,1,1,1,0,3,1,0.6,0.666666667,39,Train
meadows284.jpg,unsplash,https://unsplash.com/photos/790-zbaDXuM,0.222222222,3,1,0,1,1,0,3,1,0.6,0.222222222,40,Train
meadows296.jpg,unsplash,https://unsplash.com/photos/-P3UfhSwluU,0.555555556,6,0,1,0,0,0,1,0,0.2,0.555555556,41,Train
meadows286.jpg,unsplash,https://unsplash.com/photos/QehxpJJHcIc,0.555555556,6,1,0,1,1,1,4,1,0.8,0.555555556,42,Train
meadows113.jpg,unsplash,https://unsplash.com/photos/YhZt03_OJKs,0.222222222,3,0,1,0,1,1,3,1,0.6,0.222222222,43,Train
meadows302.jpg,pexels,https://www.pexels.com/photo/landscape-nature-field-flowers-6876105/,0.444444444,5,0,0,1,1,1,3,1,0.6,0.444444444,44,Train
meadows89.jpg,flickr,https://www.flickr.com/photos/laura_cooper/3588187471/in/photolist-PMe1Md-nRBNHo-mWBthA-oFZNFP-Jq9hA5-9C3iMT-niDgPq-GW6xtm-6t5p8e-aoE8RY-bE1LRf-rZLu4E-BQXQgz-bkBqV8-eQp6aY-9J6576-65J9xR-9sLmbg-xiKHtw-Xcgu3C-aym9TD-ocRHna-hNHRNW-pCQ97b-JRa7aT-cDCbKL-cew6yb-sRH5dB-oY335b-f9iHaj-ezUVZj-rXt2hT-tWRrvW-f6VV6t-t2WJsp-uap7C5-gaH9K4-6r4qmx-Bez9qj-nXDG9T-dcf33f-bjzRf-afQQSV-bvboAW-cSaXyG-5bUaV1-vZoCmW-zkEJPx-4TKPhQ-ecJBfn/,0.555555556,6,1,0,1,1,1,4,1,0.8,0.555555556,45,Train
meadows354.jpg,flickr,https://www.flickr.com/photos/nigelsmith99/515829020/in/photolist-Vc7D1Y-vBRtZ9-aggsH2-HEXdCE-aRnpy4-5iFYN8-Jd4zsi-4YdwLW-pPzcxb-7u3k7z-bRUJFK-6dKAQX-9un39U-6Dyz2q-JbwJDS-HU4Jom-24GY2U-cMjwmU-tnYz6k-88mVq1-eNnSYT-5FCYdu-MzKZN-ekYutv-Q8pu8-9Xv1TJ-4NYiuF-vEuuSX-npDnjR-LACabQ-DYrv9S-f7x5xT-GM845e-Mt2Qj-npUAyq-9LH9ZS-aGSxuR-JnQSDa-9LEn2n-o1ADFc-af7fgS-qsYyDA-nJ86k2-9XvWYS-5iCk2v-jksKVv-tcFkys-2Xi7hu-usazf9-8ZUeso/,0.333333333,4,0,0,0,1,0,1,0,0.2,0.333333333,46,Train
meadows169.jpg,unsplash,https://unsplash.com/photos/hOhlYhAiizc,0.555555556,6,1,0,1,1,0,3,1,0.6,0.555555556,47,Train
meadows389.jpg,pixabay,https://pixabay.com/photos/cosmos-flowers-nature-plants-3669022/,0.555555556,6,1,0,0,1,0,2,0,0.4,0.555555556,48,Train
meadows51.jpg,flickr,https://www.flickr.com/photos/127537396@N03/30151556232/in/photolist-5iCk2v-usazf9-akdDyB-6cjEi9-5jQWRU-eH7LBD-FSSEUW-evCbN8-a8G3zo-auG8yV-bVuWNk-5jMg3M-H1QWRE-G8CzY3-2Xi7hu-S1uLa-6DuovR-e27EBf-vBJxzc-nSoELv-4N2ke2-daW4n7-gKz6y-PXwpN-tQivkp-4YZVUw-a1evUA-fKZiH-cwrzvS-cVrmAJ-5gPGwo-suy3xD-cqWHby-exZUjs-nb3mzt-MWoBcN-C56vbK-6uv9b2-2GoR1-3CGr4-peMefW-LxvZrC-8YE9oc-g7u6sY-vCqxjE-85Apj2-Kn4GJq-vHpaa4-cyZpQA-JgD4Hs/,0.666666667,7,1,0,1,1,1,4,1,0.8,0.666666667,49,Train
meadows28.jpg,flickr,https://www.flickr.com/photos/prescottspies/2714329142/in/photolist-6TzfV3-VqsPAx-ej3HxP-f6Tu6g-Jd5bVT-XhcKos-gjy9Nc-82Qhq4-U54HoA-cfZetJ-chhbVC-MCfXZc-MG3RoR-HVsGe1-JycKky-tpYKQd-5pLP3V-n9bUZB-KHZW2Y-bVsena-wyheTk-cfZeof-f9cjMv-9Qvkwk-nZLAST-KQhdL3-f7Asnm-D92GqX-a3WUVL-EQAZvV-9DUt6D-cLcJAG-akdE3v-JfDgh1-9zMM9o-edg3tf-ovPYLW-HFgAf3-z38M9f-KkhWe1-4iXVno-sHNtNH-6qCVAo-6qCVrq-58RDuj-cQk8hL-ScAQPv-ey5CbM-6DupyK-74ciXB/,0.333333333,4,0,0,0,1,0,1,0,0.2,0.333333333,50,Train
meadows230.jpg,unsplash,https://unsplash.com/photos/Gqc1jl2kd1U,0.222222222,3,1,1,1,1,0,4,1,0.8,0.222222222,51,Train
meadows482.jpg,pixabay,https://pixabay.com/photos/tulips-field-of-rapeseeds-mountains-3357866/,0.555555556,6,1,0,1,1,0,3,1,0.6,0.555555556,52,Train
meadows487.jpg,pixabay,https://pixabay.com/photos/flowers-meadow-flower-meadow-1343743/,0.111111111,2,1,0,1,1,0,3,1,0.6,0.111111111,53,Train
meadows137.jpg,unsplash,https://unsplash.com/photos/HOCCH6oPVmw,0.333333333,4,1,1,0,1,0,3,1,0.6,0.333333333,54,Train
meadows172.jpg,unsplash,https://unsplash.com/photos/biDzE37RcaU,0.333333333,4,0,0,0,1,0,1,0,0.2,0.333333333,55,Train
meadows271.jpg,unsplash,https://unsplash.com/photos/qD9euGqbYac,0.444444444,5,0,1,0,1,0,2,0,0.4,0.444444444,56,Train
meadows436.jpg,pixabay,https://pixabay.com/photos/meadow-light-dandelion-flowers-3866009/,0.888888889,9,1,0,1,1,1,4,1,0.8,0.888888889,57,Train
meadows87.jpg,flickr,https://www.flickr.com/photos/65089906@N00/14892470677/in/photolist-PMe1Md-nRBNHo-mWBthA-oFZNFP-Jq9hA5-9C3iMT-niDgPq-GW6xtm-6t5p8e-aoE8RY-bE1LRf-rZLu4E-BQXQgz-bkBqV8-eQp6aY-9J6576-65J9xR-9sLmbg-xiKHtw-Xcgu3C-aym9TD-ocRHna-hNHRNW-pCQ97b-JRa7aT-cDCbKL-cew6yb-sRH5dB-oY335b-f9iHaj-ezUVZj-rXt2hT-tWRrvW-f6VV6t-t2WJsp-uap7C5-gaH9K4-6r4qmx-Bez9qj-nXDG9T-dcf33f-bjzRf-afQQSV-bvboAW-cSaXyG-5bUaV1-vZoCmW-zkEJPx-4TKPhQ-ecJBfn/,0.333333333,4,0,1,0,1,0,2,0,0.4,0.333333333,58,Train
meadows46.jpg,flickr,https://www.flickr.com/photos/78143664@N00/167013535/in/photolist-5iCk2v-usazf9-akdDyB-6cjEi9-5jQWRU-eH7LBD-FSSEUW-evCbN8-a8G3zo-auG8yV-bVuWNk-5jMg3M-H1QWRE-G8CzY3-2Xi7hu-S1uLa-6DuovR-e27EBf-vBJxzc-nSoELv-4N2ke2-daW4n7-gKz6y-PXwpN-tQivkp-4YZVUw-a1evUA-fKZiH-cwrzvS-cVrmAJ-5gPGwo-suy3xD-cqWHby-exZUjs-nb3mzt-MWoBcN-C56vbK-6uv9b2-2GoR1-3CGr4-peMefW-LxvZrC-8YE9oc-g7u6sY-vCqxjE-85Apj2-Kn4GJq-vHpaa4-cyZpQA-JgD4Hs/,0.666666667,7,1,0,1,1,0,3,1,0.6,0.666666667,59,Train
meadows211.jpg,unsplash,https://unsplash.com/photos/HbZR2Fw52DU,0.333333333,4,1,0,1,1,0,3,1,0.6,0.333333333,60,Train
meadows123.jpg,unsplash,https://unsplash.com/photos/Yis49IPlFws,0.777777778,8,1,1,1,1,1,5,1,1,0.777777778,61,Train
meadows164.jpg,unsplash,https://unsplash.com/photos/G5ji9kwi1jk,0.444444444,5,0,1,0,1,0,2,0,0.4,0.444444444,62,Train
meadows291.jpg,unsplash,https://unsplash.com/photos/Gce-bD-4KLM,0.333333333,4,0,0,1,1,0,2,0,0.4,0.333333333,63,Train
meadows175.jpg,unsplash,https://unsplash.com/photos/KNFLFWgWlMw,0.777777778,8,1,0,0,1,1,3,1,0.6,0.777777778,64,Train
meadows185.jpg,unsplash,https://unsplash.com/photos/F9E0JdgnVdk,0.666666667,7,1,0,1,1,0,3,1,0.6,0.666666667,65,Train
meadows442.jpg,pixabay,https://pixabay.com/photos/cosmos-field-cosmos-wind-950004/,0.555555556,6,1,0,1,1,0,3,1,0.6,0.555555556,66,Train
meadows427.jpg,pixabay,https://pixabay.com/photos/flowers-poppies-field-landscape-63755/,0.777777778,8,1,0,1,1,1,4,1,0.8,0.777777778,67,Train
meadows332.jpg,flickr,https://www.flickr.com/photos/domrik/20055999413/in/photolist-HVsGe1-JycKky-tpYKQd-n9bUZB-KHZW2Y-wyheTk-bVsena-cfZeof-Jd5bVT-f9cjMv-9Qvkwk-nZLAST-5pLP3V-9zMM9o-JfDgh1-f7Asnm-XhcKos-KQhdL3-a3WUVL-edg3tf-EQAZvV-ovPYLW-HFgAf3-D92GqX-9DUt6D-z38M9f-KkhWe1-4iXVno-cLcJAG-6qCVAo-58RDuj-6qCVrq-sHNtNH-cQk8hL-ey5CbM-ScAQPv-6DupyK-74ciXB-akdE3v-Vc7D1Y-vBRtZ9-aggsH2-HEXdCE-aRnpy4-Jd4zsi-4YdwLW-7u3k7z-bRUJFK-6dKAQX-9un39U/,0.555555556,6,1,0,1,0,0,2,0,0.4,0.555555556,68,Train
meadows468.jpg,pixabay,https://pixabay.com/photos/sage-wild-flowers-plants-6313758/,0.444444444,5,1,0,1,1,0,3,1,0.6,0.444444444,69,Train
meadows242.jpg,unsplash,https://unsplash.com/photos/1uDMf7NXSew,0.444444444,5,1,0,1,1,0,3,1,0.6,0.444444444,70,Train
meadows207.jpg,unsplash,https://unsplash.com/photos/S9BP8kBYOlU,0.555555556,6,1,0,1,1,0,3,1,0.6,0.555555556,71,Train
meadows475.jpg,pixabay,https://pixabay.com/photos/meadow-lake-primrose-landscape-2453345/,0.333333333,4,0,0,0,1,0,1,0,0.2,0.333333333,72,Train
meadows238.jpg,unsplash,https://unsplash.com/photos/tjF82lmqD3E,0.111111111,2,1,1,1,1,0,4,1,0.8,0.111111111,73,Train
meadows378.jpg,pixabay,https://pixabay.com/photos/flowers-meadow-grass-bloom-blossom-1516734/,0.444444444,5,1,0,1,1,0,3,1,0.6,0.444444444,74,Train
meadows392.jpg,pixabay,https://pixabay.com/photos/dandelion-meadow-dandelion-meadow-3494398/,0.666666667,7,1,1,1,1,0,4,1,0.8,0.666666667,75,Train
meadows293.jpg,unsplash,https://unsplash.com/photos/zjcufdUl7CU,0.222222222,3,0,0,0,1,0,1,0,0.2,0.222222222,76,Train
meadows86.jpg,flickr,https://www.flickr.com/photos/jbsnowfish/31360549494/in/photolist-PMe1Md-nRBNHo-mWBthA-oFZNFP-Jq9hA5-9C3iMT-niDgPq-GW6xtm-6t5p8e-aoE8RY-bE1LRf-rZLu4E-BQXQgz-bkBqV8-eQp6aY-9J6576-65J9xR-9sLmbg-xiKHtw-Xcgu3C-aym9TD-ocRHna-hNHRNW-pCQ97b-JRa7aT-cDCbKL-cew6yb-sRH5dB-oY335b-f9iHaj-ezUVZj-rXt2hT-tWRrvW-f6VV6t-t2WJsp-uap7C5-gaH9K4-6r4qmx-Bez9qj-nXDG9T-dcf33f-bjzRf-afQQSV-bvboAW-cSaXyG-5bUaV1-vZoCmW-zkEJPx-4TKPhQ-ecJBfn,0.777777778,8,1,1,1,1,0,4,1,0.8,0.777777778,77,Train
meadows313.jpg,flickr,https://www.flickr.com/photos/woolgenie/17853789358/in/photolist-tcFkys-usazf9-jksKVv-akdDyB-2Xi7hu-S1uLa-6DuovR-vBJxzc-nSoELv-4N2ke2-daW4n7-gKz6y-6cjEi9-PXwpN-5jQWRU-eH7LBD-tQivkp-4YZVUw-FSSEUW-evCbN8-a1evUA-fKZiH-cwrzvS-cVrmAJ-5gPGwo-suy3xD-cqWHby-bVuWNk-nb3mzt-MWoBcN-5jMg3M-C56vbK-6uv9b2-2GoR1-3CGr4-peMefW-LxvZrC-8YE9oc-g7u6sY-vCqxjE-85Apj2-vHpaa4-cyZpQA-JgD4Hs-coYoes-4Qpa4b-xutinB-6cbz2j-JqxaAq-R6kAkf,0.333333333,4,1,0,1,1,0,3,1,0.6,0.333333333,78,Train
meadows138.jpg,unsplash,https://unsplash.com/photos/eddJKMcqi-0,0.444444444,5,1,0,1,1,0,3,1,0.6,0.444444444,79,Train
meadows360.jpg,flickr,https://www.flickr.com/photos/antrimlens/14077142675/in/photolist-aWD4C4-p3hyX3-HNzXFz-4NsjUc-ybH5Cv-6CUkCU-6rNpqx-5VBkZQ-6QSr4K-2JPoV1-Vxmzmp-5vNCsU-9XbsQp-d869wh-6DyyhA-6LQyMp-t9ga9g-adUU2n-HNtAP1-nrX35t-yRPdA-NSe7U-2FmoSJ-6er6yf-6emW2x-tBDeE8-g4zwsy-qd69bW-6FjLwE-doMgB-HVZP6y-a2D6pE-eNnKMR-uVyKsW-fjocYf-f8NYtx-9FL56p-KpwgB5-nUfBDW-XCkv9o-nhwLQ1-uQ9TDN-8kKU5p-akRCUR-KX5FJ3-JqxaAq-X74QkQ-dvzZ5A-7T2z3x-Ke3Mao/,0.777777778,8,0,0,1,1,0,2,0,0.4,0.777777778,80,Train
meadows83.jpg,flickr,https://www.flickr.com/photos/abbieinwonderland/6924084990/in/photolist-d7nVUw-r9KaWU-LACaMu-LScWTt-nrER99-uVzc1Y-o2TGBZ-CycvUi-r4uZH4-cMA3hy-cFuVFN-u5bWGQ-buqn7C-eC7yJz-aVrZnX-zBnxqG-q4gYna-eyUBAk-s955dH-aMRPsc-fWxTax-cqWwbW-pcs11R-r3EmzT-foBHsP-s27Mp3-7K1Aor-cAybvf-bxRKeG-4gPU3E-cLWpa7-KM8S5S-neDcJX-FBivnA-bvbm4U-KnP5Fe-rUTiKi-PTQ1ja-umBgUH-fAJTUP-o9EE2t-nchtB7-qbvq9z-HwdeoK-cZLvB9-pTomtA-uBsTtu-pKmb9N-anK8yT-eTGDqq/,0.555555556,6,0,0,1,1,0,2,0,0.4,0.555555556,81,Train
meadows452.jpg,pixabay,https://pixabay.com/photos/landscape-field-flowers-meadow-sky-5281383/,0.333333333,4,0,0,1,1,0,2,0,0.4,0.333333333,82,Train
meadows462.jpg,pixabay,https://pixabay.com/photos/spring-meadow-meadow-april-spring-1362557/,0.333333333,4,0,0,1,1,0,2,0,0.4,0.333333333,83,Train
meadows479.jpg,pixabay,https://pixabay.com/photos/schladming-lake-nature-landscape-3507754/,0.333333333,4,0,1,1,1,0,3,1,0.6,0.333333333,84,Train
meadows15.jpg,flickr,https://www.flickr.com/photos/37065582@N06/28769697546/in/photolist-6TzfV3-VqsPAx-ej3HxP-f6Tu6g-Jd5bVT-XhcKos-gjy9Nc-82Qhq4-U54HoA-cfZetJ-chhbVC-MCfXZc-MG3RoR-HVsGe1-JycKky-tpYKQd-5pLP3V-n9bUZB-KHZW2Y-bVsena-wyheTk-cfZeof-f9cjMv-9Qvkwk-nZLAST-KQhdL3-f7Asnm-D92GqX-a3WUVL-EQAZvV-9DUt6D-cLcJAG-akdE3v-JfDgh1-9zMM9o-edg3tf-ovPYLW-HFgAf3-z38M9f-KkhWe1-4iXVno-sHNtNH-6qCVAo-6qCVrq-58RDuj-cQk8hL-ScAQPv-ey5CbM-6DupyK-74ciXB/,0.666666667,7,1,0,1,1,0,3,1,0.6,0.666666667,85,Train
meadows395.jpg,pixabay,https://pixabay.com/photos/pointed-flower-grass-nature-grasses-1420072/,0.333333333,4,1,0,1,1,0,3,1,0.6,0.333333333,86,Train
meadows8.jpg,flickr,https://www.flickr.com/photos/77411255@N07/27931404146/in/photolist-6TzfV3-VqsPAx-ej3HxP-f6Tu6g-Jd5bVT-XhcKos-gjy9Nc-82Qhq4-U54HoA-cfZetJ-chhbVC-MCfXZc-MG3RoR-HVsGe1-JycKky-tpYKQd-5pLP3V-n9bUZB-KHZW2Y-bVsena-wyheTk-cfZeof-f9cjMv-9Qvkwk-nZLAST-KQhdL3-f7Asnm-D92GqX-a3WUVL-EQAZvV-9DUt6D-cLcJAG-akdE3v-JfDgh1-9zMM9o-edg3tf-ovPYLW-HFgAf3-z38M9f-KkhWe1-4iXVno-sHNtNH-6qCVAo-6qCVrq-58RDuj-cQk8hL-ScAQPv-ey5CbM-6DupyK-74ciXB/,0.333333333,4,1,0,0,1,1,3,1,0.6,0.333333333,87,Train
meadows469.jpg,pixabay,https://pixabay.com/photos/wildflowers-meadow-tall-grass-817178/,0.666666667,7,1,0,1,1,0,3,1,0.6,0.666666667,88,Train
meadows143.jpg,unsplash,https://unsplash.com/photos/jr7bl8PVOfw,0.333333333,4,0,0,0,1,1,2,0,0.4,0.333333333,89,Train
meadows114.jpg,unsplash,https://unsplash.com/photos/-By1_DpPsBk,0.222222222,3,0,0,0,1,0,1,0,0.2,0.222222222,90,Train
meadows82.jpg,flickr,https://www.flickr.com/photos/61493251@N05/7610964232/in/photolist-d7nVUw-r9KaWU-LACaMu-LScWTt-nrER99-uVzc1Y-o2TGBZ-CycvUi-r4uZH4-cMA3hy-cFuVFN-u5bWGQ-buqn7C-eC7yJz-aVrZnX-zBnxqG-q4gYna-eyUBAk-s955dH-aMRPsc-fWxTax-cqWwbW-pcs11R-r3EmzT-foBHsP-s27Mp3-7K1Aor-cAybvf-bxRKeG-4gPU3E-cLWpa7-KM8S5S-neDcJX-FBivnA-bvbm4U-KnP5Fe-rUTiKi-PTQ1ja-umBgUH-fAJTUP-o9EE2t-nchtB7-qbvq9z-HwdeoK-cZLvB9-pTomtA-uBsTtu-pKmb9N-anK8yT-eTGDqq/,0.333333333,4,1,0,0,1,0,2,0,0.4,0.333333333,91,Train
meadows292.jpg,unsplash,https://unsplash.com/photos/HlROCjDQm9A,0.333333333,4,1,0,1,1,0,3,1,0.6,0.333333333,92,Train
meadows458.jpg,pixabay,https://pixabay.com/illustrations/flower-meadow-colorful-cornflowers-2509889/,0.333333333,4,0,0,0,1,0,1,0,0.2,0.333333333,93,Train
meadows441.jpg,pixabay,https://pixabay.com/photos/dandelion-flowers-seeds-meadow-5161516/,0.333333333,4,1,0,1,1,0,3,1,0.6,0.333333333,94,Train
meadows191.jpg,unsplash,https://unsplash.com/photos/ljTvnaeQ84E,0.333333333,4,1,1,1,1,0,4,1,0.8,0.333333333,95,Train
meadows256.jpg,unsplash,https://unsplash.com/photos/6LJqVhPtjEU,0.777777778,8,1,0,1,1,0,3,1,0.6,0.777777778,96,Train
meadows465.jpg,pixabay,https://pixabay.com/photos/mountains-landscape-nature-sky-4366770/,0.555555556,6,0,1,1,1,0,3,1,0.6,0.555555556,97,Train
meadows443.jpg,pixabay,https://pixabay.com/photos/lavender-sunbeam-lavender-field-3118882/,0.888888889,9,0,0,1,1,0,2,0,0.4,0.888888889,98,Train
meadows312.jpg,pexels,https://www.pexels.com/photo/macro-shot-photography-of-purple-plants-under-sunny-sky-during-daytime-139396/,0.555555556,6,1,0,1,1,1,4,1,0.8,0.555555556,99,Train
meadows71.jpg,flickr,https://www.flickr.com/photos/rambynas/5812260481/in/photolist-o3zc7-objLKu-JCgUQS-tEZ29L-eNgfWw-f6TtZ2-JfB9gq-QYrsdn-o9BKJf-GCaSBS-jSRvTi-myU9GP-HMtE3f-7T2z3x-2n8zT2-Q82oQ-Ngjk1H-8enUew-rDx8B-akUrKh-8sn6ez-8adtGr-WEdbmi-rF3AXz-Kkcewu-szeSbP-8ekBRV-QqjcuU-mLpzFc-Fnp1og-72fqfX-o2jTAR-KGCDRY-vLUmHE-hKRLN-yHqo3r-EgMamq-FKUNa5-JNeThC-9RBmxB-G1QzTj-sqzWZx-HpVs5z-HL7DtK-akUs8C-tTW5KH-yPB1Lr-ongUVG-WT8Adw-xegJEb/,0.555555556,6,1,0,1,1,1,4,1,0.8,0.555555556,100,Train
meadows33.jpg,flickr,https://www.flickr.com/photos/gcwest/2838673926/in/photolist-5iCk2v-usazf9-akdDyB-6cjEi9-5jQWRU-eH7LBD-FSSEUW-evCbN8-a8G3zo-auG8yV-bVuWNk-5jMg3M-H1QWRE-G8CzY3-2Xi7hu-S1uLa-6DuovR-e27EBf-vBJxzc-nSoELv-4N2ke2-daW4n7-gKz6y-PXwpN-tQivkp-4YZVUw-a1evUA-fKZiH-cwrzvS-cVrmAJ-5gPGwo-suy3xD-cqWHby-exZUjs-nb3mzt-MWoBcN-C56vbK-6uv9b2-2GoR1-3CGr4-peMefW-LxvZrC-8YE9oc-g7u6sY-vCqxjE-85Apj2-Kn4GJq-vHpaa4-cyZpQA-JgD4Hs/,0.222222222,3,0,1,0,0,0,1,0,0.2,0.222222222,101,Train
meadows499.jpg,pixabay,https://pixabay.com/photos/landscape-sunset-panorama-nature-3088508/,0.777777778,8,0,0,1,1,0,2,0,0.4,0.777777778,102,Train
meadows168.jpg,unsplash,https://unsplash.com/photos/0PxZUDLIREk,0.666666667,7,1,0,1,1,0,3,1,0.6,0.666666667,103,Train
meadows130.jpg,unsplash,https://unsplash.com/photos/Zao_ZsHQrCM,0.111111111,2,0,0,0,0,1,1,0,0.2,0.111111111,104,Train
meadows205.jpg,unsplash,https://unsplash.com/photos/fU2gh87jAw0,0.444444444,5,0,0,1,0,0,1,0,0.2,0.444444444,105,Train
meadows135.jpg,unsplash,https://unsplash.com/photos/y6MGRgpsnPQ,0.222222222,3,0,0,1,0,0,1,0,0.2,0.222222222,106,Train
meadows345.jpg,flickr,https://www.flickr.com/photos/b-o-k/7128365401/in/photolist-Vc7D1Y-vBRtZ9-aggsH2-HEXdCE-aRnpy4-5iFYN8-Jd4zsi-4YdwLW-pPzcxb-7u3k7z-bRUJFK-6dKAQX-9un39U-6Dyz2q-JbwJDS-HU4Jom-24GY2U-cMjwmU-tnYz6k-88mVq1-eNnSYT-5FCYdu-MzKZN-ekYutv-Q8pu8-9Xv1TJ-4NYiuF-vEuuSX-npDnjR-LACabQ-DYrv9S-f7x5xT-GM845e-Mt2Qj-npUAyq-9LH9ZS-aGSxuR-JnQSDa-9LEn2n-o1ADFc-af7fgS-qsYyDA-nJ86k2-9XvWYS-5iCk2v-jksKVv-tcFkys-2Xi7hu-usazf9-8ZUeso/,0.555555556,6,1,0,1,1,1,4,1,0.8,0.555555556,107,Train
meadows272.jpg,unsplash,https://unsplash.com/photos/qJ6fzppb39Y,0.222222222,3,0,1,1,1,0,3,1,0.6,0.222222222,108,Train
meadows190.jpg,unsplash,https://unsplash.com/photos/nDlR5_YlXpk,0.222222222,3,0,1,0,1,0,2,0,0.4,0.222222222,109,Train
meadows355.jpg,flickr,https://www.flickr.com/photos/bangbyalexyork/5878922672/in/photolist-Vc7D1Y-vBRtZ9-aggsH2-HEXdCE-aRnpy4-5iFYN8-Jd4zsi-4YdwLW-pPzcxb-7u3k7z-bRUJFK-6dKAQX-9un39U-6Dyz2q-JbwJDS-HU4Jom-24GY2U-cMjwmU-tnYz6k-88mVq1-eNnSYT-5FCYdu-MzKZN-ekYutv-Q8pu8-9Xv1TJ-4NYiuF-vEuuSX-npDnjR-LACabQ-DYrv9S-f7x5xT-GM845e-Mt2Qj-npUAyq-9LH9ZS-aGSxuR-JnQSDa-9LEn2n-o1ADFc-af7fgS-qsYyDA-nJ86k2-9XvWYS-5iCk2v-jksKVv-tcFkys-2Xi7hu-usazf9-8ZUeso/,0.333333333,4,1,0,1,1,0,3,1,0.6,0.333333333,110,Train
meadows430.jpg,pixabay,https://pixabay.com/photos/flowers-flower-meadow-nature-meadow-3383031/,0.333333333,4,1,0,1,1,0,3,1,0.6,0.333333333,111,Train
meadows124.jpg,unsplash,https://unsplash.com/photos/cjvHM7GqzQg,0.666666667,7,1,0,1,1,0,3,1,0.6,0.666666667,112,Train
meadows40.jpg,flickr,https://www.flickr.com/photos/lapstrake/26920177400/in/photolist-5iCk2v-usazf9-akdDyB-6cjEi9-5jQWRU-eH7LBD-FSSEUW-evCbN8-a8G3zo-auG8yV-bVuWNk-5jMg3M-H1QWRE-G8CzY3-2Xi7hu-S1uLa-6DuovR-e27EBf-vBJxzc-nSoELv-4N2ke2-daW4n7-gKz6y-PXwpN-tQivkp-4YZVUw-a1evUA-fKZiH-cwrzvS-cVrmAJ-5gPGwo-suy3xD-cqWHby-exZUjs-nb3mzt-MWoBcN-C56vbK-6uv9b2-2GoR1-3CGr4-peMefW-LxvZrC-8YE9oc-g7u6sY-vCqxjE-85Apj2-Kn4GJq-vHpaa4-cyZpQA-JgD4Hs/,0.333333333,4,1,0,0,0,0,1,0,0.2,0.333333333,113,Train
meadows407.jpg,pixabay,https://pixabay.com/photos/meadow-flowers-spread-2153223/,0.222222222,3,0,1,1,1,0,3,1,0.6,0.222222222,114,Train
meadows12.jpg,flickr,https://www.flickr.com/photos/tr7vsh/7168459839/in/photolist-6TzfV3-VqsPAx-ej3HxP-f6Tu6g-Jd5bVT-XhcKos-gjy9Nc-82Qhq4-U54HoA-cfZetJ-chhbVC-MCfXZc-MG3RoR-HVsGe1-JycKky-tpYKQd-5pLP3V-n9bUZB-KHZW2Y-bVsena-wyheTk-cfZeof-f9cjMv-9Qvkwk-nZLAST-KQhdL3-f7Asnm-D92GqX-a3WUVL-EQAZvV-9DUt6D-cLcJAG-akdE3v-JfDgh1-9zMM9o-edg3tf-ovPYLW-HFgAf3-z38M9f-KkhWe1-4iXVno-sHNtNH-6qCVAo-6qCVrq-58RDuj-cQk8hL-ScAQPv-ey5CbM-6DupyK-74ciXB/,0.555555556,6,1,0,1,0,1,3,1,0.6,0.555555556,115,Train
meadows463.jpg,pixabay,https://pixabay.com/photos/meadow-butterfly-grass-spring-mood-4136257/,0.333333333,4,1,0,1,0,0,2,0,0.4,0.333333333,116,Train
meadows456.jpg,pixabay,https://pixabay.com/photos/forget-me-not-flowers-blue-meadow-4178247/,0.666666667,7,1,0,1,1,0,3,1,0.6,0.666666667,117,Train
meadows67.jpg,flickr,https://www.flickr.com/photos/cpalmatier/4892841231/in/photolist-o3zc7-objLKu-JCgUQS-tEZ29L-eNgfWw-f6TtZ2-JfB9gq-QYrsdn-o9BKJf-GCaSBS-jSRvTi-myU9GP-HMtE3f-7T2z3x-2n8zT2-Q82oQ-Ngjk1H-8enUew-rDx8B-akUrKh-8sn6ez-8adtGr-WEdbmi-rF3AXz-Kkcewu-szeSbP-8ekBRV-QqjcuU-mLpzFc-Fnp1og-72fqfX-o2jTAR-KGCDRY-vLUmHE-hKRLN-yHqo3r-EgMamq-FKUNa5-JNeThC-9RBmxB-G1QzTj-sqzWZx-HpVs5z-HL7DtK-akUs8C-tTW5KH-yPB1Lr-ongUVG-WT8Adw-xegJEb/,0.111111111,2,1,0,0,0,1,2,0,0.4,0.111111111,118,Train
meadows7.jpg,flickr,https://www.flickr.com/photos/133754632@N07/29989270785/in/photolist-6TzfV3-VqsPAx-ej3HxP-f6Tu6g-Jd5bVT-XhcKos-gjy9Nc-82Qhq4-U54HoA-cfZetJ-chhbVC-MCfXZc-MG3RoR-HVsGe1-JycKky-tpYKQd-5pLP3V-n9bUZB-KHZW2Y-bVsena-wyheTk-cfZeof-f9cjMv-9Qvkwk-nZLAST-KQhdL3-f7Asnm-D92GqX-a3WUVL-EQAZvV-9DUt6D-cLcJAG-akdE3v-JfDgh1-9zMM9o-edg3tf-ovPYLW-HFgAf3-z38M9f-KkhWe1-4iXVno-sHNtNH-6qCVAo-6qCVrq-58RDuj-cQk8hL-ScAQPv-ey5CbM-6DupyK-74ciXB/,0.222222222,3,0,1,0,1,0,2,0,0.4,0.222222222,119,Train
meadows150.jpg,unsplash,https://unsplash.com/photos/DD4QXxCN3yk,0.555555556,6,1,1,1,1,0,4,1,0.8,0.555555556,120,Train
meadows227.jpg,unsplash,https://unsplash.com/photos/Gi1sQnqDusw,0.333333333,4,0,1,1,1,0,3,1,0.6,0.333333333,121,Train
meadows203.jpg,unsplash,https://unsplash.com/photos/CygBtZuDlL8,0.444444444,5,1,0,1,1,0,3,1,0.6,0.444444444,122,Train
meadows65.jpg,flickr,https://www.flickr.com/photos/theotherdan/290236269/in/photolist-o3zc7-objLKu-JCgUQS-tEZ29L-eNgfWw-f6TtZ2-JfB9gq-QYrsdn-o9BKJf-GCaSBS-jSRvTi-myU9GP-HMtE3f-7T2z3x-2n8zT2-Q82oQ-Ngjk1H-8enUew-rDx8B-akUrKh-8sn6ez-8adtGr-WEdbmi-rF3AXz-Kkcewu-szeSbP-8ekBRV-QqjcuU-mLpzFc-Fnp1og-72fqfX-o2jTAR-KGCDRY-vLUmHE-hKRLN-yHqo3r-EgMamq-FKUNa5-JNeThC-9RBmxB-G1QzTj-sqzWZx-HpVs5z-HL7DtK-akUs8C-tTW5KH-yPB1Lr-ongUVG-WT8Adw-xegJEb/,0.222222222,3,0,0,0,0,0,0,0,0,0.222222222,123,Train
meadows431.jpg,pixabay,https://pixabay.com/photos/sunset-field-nature-meadow-sun-731307/,0.555555556,6,0,1,0,0,0,1,0,0.2,0.555555556,124,Train
meadows364.jpg,flickr,https://www.flickr.com/photos/woodmatthewsphotographs/4818075799/in/photolist-aWD4C4-p3hyX3-HNzXFz-4NsjUc-ybH5Cv-6CUkCU-6rNpqx-5VBkZQ-6QSr4K-2JPoV1-Vxmzmp-5vNCsU-9XbsQp-d869wh-6DyyhA-6LQyMp-t9ga9g-adUU2n-HNtAP1-nrX35t-yRPdA-NSe7U-2FmoSJ-6er6yf-6emW2x-tBDeE8-g4zwsy-qd69bW-6FjLwE-doMgB-HVZP6y-a2D6pE-eNnKMR-uVyKsW-fjocYf-f8NYtx-9FL56p-KpwgB5-nUfBDW-XCkv9o-nhwLQ1-uQ9TDN-8kKU5p-akRCUR-KX5FJ3-JqxaAq-X74QkQ-dvzZ5A-7T2z3x-Ke3Mao/,0.222222222,3,0,0,0,1,0,1,0,0.2,0.222222222,125,Train
meadows425.jpg,pixabay,https://pixabay.com/photos/summer-dandelion-nature-flower-2120023/,0.666666667,7,1,0,1,1,0,3,1,0.6,0.666666667,126,Train
meadows263.jpg,unsplash,https://unsplash.com/photos/bkmgg-qNzXU,0.555555556,6,1,0,1,1,0,3,1,0.6,0.555555556,127,Train
meadows166.jpg,unsplash,https://unsplash.com/photos/1TFKuRU0l8Y,0.555555556,6,1,0,0,1,0,2,0,0.4,0.555555556,128,Train
meadows333.jpg,flickr,https://www.flickr.com/photos/27469793@N08/19469933403/in/photolist-4NYiuF-vEuuSX-npDnjR-LACabQ-DYrv9S-f7x5xT-GM845e-Mt2Qj-npUAyq-9LH9ZS-aGSxuR-9LEn2n-JnQSDa-o1ADFc-af7fgS-qsYyDA-nJ86k2-9XvWYS-5iCk2v-jksKVv-tcFkys-2Xi7hu-usazf9-akdDyB-wkzb2D-G8CzY3-S1uLa-6DuovR-e27EBf-vBJxzc-nSoELv-4N2ke2-daW4n7-gKz6y-6cjEi9-PXwpN-evCbN8-FSSEUW-5jQWRU-eH7LBD-suy3xD-tQivkp-4YZVUw-a1evUA-cwrzvS-fKZiH-a8G3zo-bVuWNk-cVrmAJ-5gPGwo/,0.333333333,4,0,0,0,1,0,1,0,0.2,0.333333333,129,Train
meadows159.jpg,unsplash,https://unsplash.com/photos/qYzQjxsvknU,0.444444444,5,1,0,1,1,1,4,1,0.8,0.444444444,130,Train
meadows59.jpg,flickr,https://www.flickr.com/photos/webdoc/9056173738/in/photolist-o3zc7-objLKu-JCgUQS-tEZ29L-eNgfWw-f6TtZ2-JfB9gq-QYrsdn-o9BKJf-GCaSBS-jSRvTi-myU9GP-HMtE3f-7T2z3x-2n8zT2-Q82oQ-Ngjk1H-8enUew-rDx8B-akUrKh-8sn6ez-8adtGr-WEdbmi-rF3AXz-Kkcewu-szeSbP-8ekBRV-QqjcuU-mLpzFc-Fnp1og-72fqfX-o2jTAR-KGCDRY-vLUmHE-hKRLN-yHqo3r-EgMamq-FKUNa5-JNeThC-9RBmxB-G1QzTj-sqzWZx-HpVs5z-HL7DtK-akUs8C-tTW5KH-yPB1Lr-ongUVG-WT8Adw-xegJEb/,0.111111111,2,0,1,1,1,1,4,1,0.8,0.111111111,131,Train
meadows170.jpg,unsplash,https://unsplash.com/photos/DhkO9wC97os,0.666666667,7,1,0,1,1,0,3,1,0.6,0.666666667,132,Train
meadows171.jpg,unsplash,https://unsplash.com/photos/-F5ik109zfU,0.555555556,6,1,1,1,1,0,4,1,0.8,0.555555556,133,Train
meadows249.jpg,unsplash,https://unsplash.com/photos/xgTzpL2iAxo,0.555555556,6,0,1,0,1,0,2,0,0.4,0.555555556,134,Train
meadows186.jpg,unsplash,https://unsplash.com/photos/4IhRv2utrFs,0.444444444,5,1,0,1,0,0,2,0,0.4,0.444444444,135,Train
meadows6.jpg,flickr,https://www.flickr.com/photos/144818418@N02/29946368321/in/photolist-6TzfV3-VqsPAx-ej3HxP-f6Tu6g-Jd5bVT-XhcKos-gjy9Nc-82Qhq4-U54HoA-cfZetJ-chhbVC-MCfXZc-MG3RoR-HVsGe1-JycKky-tpYKQd-5pLP3V-n9bUZB-KHZW2Y-bVsena-wyheTk-cfZeof-f9cjMv-9Qvkwk-nZLAST-KQhdL3-f7Asnm-D92GqX-a3WUVL-EQAZvV-9DUt6D-cLcJAG-akdE3v-JfDgh1-9zMM9o-edg3tf-ovPYLW-HFgAf3-z38M9f-KkhWe1-4iXVno-sHNtNH-6qCVAo-6qCVrq-58RDuj-cQk8hL-ScAQPv-ey5CbM-6DupyK-74ciXB/,0.444444444,5,1,1,1,1,0,4,1,0.8,0.444444444,136,Train
meadows160.jpg,unsplash,https://unsplash.com/photos/2sHkNyP4CgU,0.222222222,3,0,0,1,1,0,2,0,0.4,0.222222222,137,Train
meadows229.jpg,unsplash,https://unsplash.com/photos/KmrkQRSsAIM,0.666666667,7,0,0,1,1,0,2,0,0.4,0.666666667,138,Train
meadows77.jpg,flickr,https://www.flickr.com/photos/harryshots/23993218341/in/photolist-d7nVUw-r9KaWU-LACaMu-LScWTt-nrER99-uVzc1Y-o2TGBZ-CycvUi-r4uZH4-cMA3hy-cFuVFN-u5bWGQ-buqn7C-eC7yJz-aVrZnX-zBnxqG-q4gYna-eyUBAk-s955dH-aMRPsc-fWxTax-cqWwbW-pcs11R-r3EmzT-foBHsP-s27Mp3-7K1Aor-cAybvf-bxRKeG-4gPU3E-cLWpa7-KM8S5S-neDcJX-FBivnA-bvbm4U-KnP5Fe-rUTiKi-PTQ1ja-umBgUH-fAJTUP-o9EE2t-nchtB7-qbvq9z-HwdeoK-cZLvB9-pTomtA-uBsTtu-pKmb9N-anK8yT-eTGDqq/,0.111111111,2,0,1,0,1,1,3,1,0.6,0.111111111,139,Train
meadows321.jpg,flickr,https://www.flickr.com/photos/sanodi/34048107944/in/photolist-HNzXFz-D92GqX-JqxaAq-JrfyHs-BQXQgz-PTQ1ja-JSHWSd-TrRRAm-VmVmQG-XCkv9o-TV2f3K-E6uMbg-GTFWfH-QxHcZE-G8EAt3-Mz1JzS-KpePn8-FSSEUW-UJmdo3-sEKSii-QRiMoo-NDZfb6-VPefEa-PLCMKw-XhcKos-XSH8kE-VGXypE-Vxmzmp-LaAjwg-vLUmHE-v63raA-vv2APv-FwDS5u-LL5Cb-2jZvYuw-Hqupzi-wkzb2D-o2QnqB-58NVRh-JKjP2f-H61Xby-2jjgMG7-5YNZUv-rcbWHP-TSHsgS-V19Srd-HU1AKw-FFJD7D-HpVs5z-sHNtNH/,0.333333333,4,1,1,1,1,0,4,1,0.8,0.333333333,140,Train
meadows266.jpg,unsplash,https://unsplash.com/photos/pH-jZ4-l9PE,0.333333333,4,1,0,1,1,0,3,1,0.6,0.333333333,141,Train
meadows451.jpg,pixabay,https://pixabay.com/photos/crocus-spring-flowers-bloom-meadow-4851627/,0.555555556,6,1,0,1,1,1,4,1,0.8,0.555555556,142,Train
meadows366.jpg,pixabay,https://pixabay.com/photos/sunset-poppies-field-red-poppies-815270/,0.888888889,9,1,0,1,1,1,4,1,0.8,0.888888889,143,Train
meadows318.jpg,flickr,https://www.flickr.com/photos/149815099@N03/31353871856/in/photolist-HNzXFz-D92GqX-JqxaAq-JrfyHs-BQXQgz-PTQ1ja-JSHWSd-TrRRAm-VmVmQG-XCkv9o-TV2f3K-E6uMbg-GTFWfH-QxHcZE-G8EAt3-Mz1JzS-KpePn8-FSSEUW-UJmdo3-sEKSii-QRiMoo-NDZfb6-VPefEa-PLCMKw-XhcKos-XSH8kE-VGXypE-Vxmzmp-LaAjwg-vLUmHE-v63raA-vv2APv-FwDS5u-LL5Cb-2jZvYuw-Hqupzi-wkzb2D-o2QnqB-58NVRh-JKjP2f-H61Xby-2jjgMG7-5YNZUv-rcbWHP-TSHsgS-V19Srd-HU1AKw-FFJD7D-HpVs5z-sHNtNH/,0.222222222,3,1,0,1,1,0,3,1,0.6,0.222222222,144,Train
meadows112.jpg,unsplash,https://unsplash.com/photos/9xqalG4kme0,0.333333333,4,1,0,0,1,0,2,0,0.4,0.333333333,145,Train
meadows34.jpg,flickr,https://www.flickr.com/photos/joannarb2009/26173625254/in/photolist-5iCk2v-usazf9-akdDyB-6cjEi9-5jQWRU-eH7LBD-FSSEUW-evCbN8-a8G3zo-auG8yV-bVuWNk-5jMg3M-H1QWRE-G8CzY3-2Xi7hu-S1uLa-6DuovR-e27EBf-vBJxzc-nSoELv-4N2ke2-daW4n7-gKz6y-PXwpN-tQivkp-4YZVUw-a1evUA-fKZiH-cwrzvS-cVrmAJ-5gPGwo-suy3xD-cqWHby-exZUjs-nb3mzt-MWoBcN-C56vbK-6uv9b2-2GoR1-3CGr4-peMefW-LxvZrC-8YE9oc-g7u6sY-vCqxjE-85Apj2-Kn4GJq-vHpaa4-cyZpQA-JgD4Hs/,0.333333333,4,1,0,0,0,1,2,0,0.4,0.333333333,146,Train
meadows18.jpg,flickr,https://www.flickr.com/photos/kbeads/5679801475/in/photolist-6TzfV3-VqsPAx-ej3HxP-f6Tu6g-Jd5bVT-XhcKos-gjy9Nc-82Qhq4-U54HoA-cfZetJ-chhbVC-MCfXZc-MG3RoR-HVsGe1-JycKky-tpYKQd-5pLP3V-n9bUZB-KHZW2Y-bVsena-wyheTk-cfZeof-f9cjMv-9Qvkwk-nZLAST-KQhdL3-f7Asnm-D92GqX-a3WUVL-EQAZvV-9DUt6D-cLcJAG-akdE3v-JfDgh1-9zMM9o-edg3tf-ovPYLW-HFgAf3-z38M9f-KkhWe1-4iXVno-sHNtNH-6qCVAo-6qCVrq-58RDuj-cQk8hL-ScAQPv-ey5CbM-6DupyK-74ciXB/,0.555555556,6,1,0,1,1,0,3,1,0.6,0.555555556,147,Train
meadows75.jpg,flickr,https://www.flickr.com/photos/bill-clark1/7948458882/in/photolist-d7nVUw-r9KaWU-LACaMu-LScWTt-nrER99-uVzc1Y-o2TGBZ-CycvUi-r4uZH4-cMA3hy-cFuVFN-u5bWGQ-buqn7C-eC7yJz-aVrZnX-zBnxqG-q4gYna-eyUBAk-s955dH-aMRPsc-fWxTax-cqWwbW-pcs11R-r3EmzT-foBHsP-s27Mp3-7K1Aor-cAybvf-bxRKeG-4gPU3E-cLWpa7-KM8S5S-neDcJX-FBivnA-bvbm4U-KnP5Fe-rUTiKi-PTQ1ja-umBgUH-fAJTUP-o9EE2t-nchtB7-qbvq9z-HwdeoK-cZLvB9-pTomtA-uBsTtu-pKmb9N-anK8yT-eTGDqq,0.444444444,5,1,0,1,1,1,4,1,0.8,0.444444444,148,Train
meadows337.jpg,flickr,https://www.flickr.com/photos/j33pman/5756809828/in/photolist-4NYiuF-vEuuSX-npDnjR-LACabQ-DYrv9S-f7x5xT-GM845e-Mt2Qj-npUAyq-9LH9ZS-aGSxuR-9LEn2n-JnQSDa-o1ADFc-af7fgS-qsYyDA-nJ86k2-9XvWYS-5iCk2v-jksKVv-tcFkys-2Xi7hu-usazf9-akdDyB-wkzb2D-G8CzY3-S1uLa-6DuovR-e27EBf-vBJxzc-nSoELv-4N2ke2-daW4n7-gKz6y-6cjEi9-PXwpN-evCbN8-FSSEUW-5jQWRU-eH7LBD-suy3xD-tQivkp-4YZVUw-a1evUA-cwrzvS-fKZiH-a8G3zo-bVuWNk-cVrmAJ-5gPGwo/,0.111111111,2,1,1,0,1,0,3,1,0.6,0.111111111,149,Train
meadows3.jpg,flickr,https://www.flickr.com/photos/61711720@N03/27703599421/in/photolist-6TzfV3-VqsPAx-ej3HxP-f6Tu6g-Jd5bVT-XhcKos-gjy9Nc-82Qhq4-U54HoA-cfZetJ-chhbVC-MCfXZc-MG3RoR-HVsGe1-JycKky-tpYKQd-5pLP3V-n9bUZB-KHZW2Y-bVsena-wyheTk-cfZeof-f9cjMv-9Qvkwk-nZLAST-KQhdL3-f7Asnm-D92GqX-a3WUVL-EQAZvV-9DUt6D-cLcJAG-akdE3v-JfDgh1-9zMM9o-edg3tf-ovPYLW-HFgAf3-z38M9f-KkhWe1-4iXVno-sHNtNH-6qCVAo-6qCVrq-58RDuj-cQk8hL-ScAQPv-ey5CbM-6DupyK-74ciXB/,0.555555556,6,1,0,1,1,0,3,1,0.6,0.555555556,150,Train
meadows406.jpg,pixabay,https://pixabay.com/photos/meadow-flowers-flower-meadow-spring-3383969/,0.222222222,3,0,0,1,0,0,1,0,0.2,0.222222222,151,Train
meadows250.jpg,unsplash,https://unsplash.com/photos/jeXs6JrgQ1c,0.444444444,5,1,0,1,1,0,3,1,0.6,0.444444444,152,Train
meadows330.jpg,pixabay,https://pixabay.com/photos/dandelion-meadow-dandelion-meadow-3381676/,0.333333333,4,1,1,1,1,0,4,1,0.8,0.333333333,153,Train
meadows384.jpg,pixabay,https://pixabay.com/photos/field-nature-meadow-grass-flowers-2309468/,0.444444444,5,0,0,1,1,0,2,0,0.4,0.444444444,154,Train
meadows306.jpg,pexels,https://www.pexels.com/photo/blue-white-and-red-poppy-flower-field-712876/,0.444444444,5,0,0,1,1,0,2,0,0.4,0.444444444,155,Train
meadows199.jpg,unsplash,https://unsplash.com/photos/ukN7C7LvQoA,0.333333333,4,1,0,1,1,0,3,1,0.6,0.333333333,156,Train
meadows111.jpg,unsplash,https://unsplash.com/photos/QvjL4y7SF9k,0.777777778,8,1,0,1,1,0,3,1,0.6,0.777777778,157,Train
meadows278.jpg,unsplash,https://unsplash.com/photos/0HmSBZtIHfI,0.555555556,6,1,1,1,1,0,4,1,0.8,0.555555556,158,Train
meadows267.jpg,unsplash,https://unsplash.com/photos/drflx0OBmz0,0.555555556,6,0,0,1,1,0,2,0,0.4,0.555555556,159,Train
meadows41.jpg,flickr,https://www.flickr.com/photos/oatsy40/19438724545/in/photolist-5iCk2v-usazf9-akdDyB-6cjEi9-5jQWRU-eH7LBD-FSSEUW-evCbN8-a8G3zo-auG8yV-bVuWNk-5jMg3M-H1QWRE-G8CzY3-2Xi7hu-S1uLa-6DuovR-e27EBf-vBJxzc-nSoELv-4N2ke2-daW4n7-gKz6y-PXwpN-tQivkp-4YZVUw-a1evUA-fKZiH-cwrzvS-cVrmAJ-5gPGwo-suy3xD-cqWHby-exZUjs-nb3mzt-MWoBcN-C56vbK-6uv9b2-2GoR1-3CGr4-peMefW-LxvZrC-8YE9oc-g7u6sY-vCqxjE-85Apj2-Kn4GJq-vHpaa4-cyZpQA-JgD4Hs/,0.333333333,4,0,0,0,1,0,1,0,0.2,0.333333333,160,Train
meadows107.jpg,unsplash,https://unsplash.com/photos/rEjfqRCFVFo,0.555555556,6,1,0,1,1,1,4,1,0.8,0.555555556,161,Train
meadows109.jpg,unsplash,https://unsplash.com/photos/w1eWvv5U628,0.444444444,5,1,0,0,1,0,2,0,0.4,0.444444444,162,Train
meadows74.jpg,flickr,https://www.flickr.com/photos/47148237@N06/36021887654/in/photolist-o3zc7-objLKu-JCgUQS-tEZ29L-eNgfWw-f6TtZ2-JfB9gq-QYrsdn-o9BKJf-GCaSBS-jSRvTi-myU9GP-HMtE3f-7T2z3x-2n8zT2-Q82oQ-Ngjk1H-8enUew-rDx8B-akUrKh-8sn6ez-8adtGr-WEdbmi-rF3AXz-Kkcewu-szeSbP-8ekBRV-QqjcuU-mLpzFc-Fnp1og-72fqfX-o2jTAR-KGCDRY-vLUmHE-hKRLN-yHqo3r-EgMamq-FKUNa5-JNeThC-9RBmxB-G1QzTj-sqzWZx-HpVs5z-HL7DtK-akUs8C-tTW5KH-yPB1Lr-ongUVG-WT8Adw-xegJEb/,0.333333333,4,1,1,1,1,1,5,1,1,0.333333333,163,Train
meadows84.jpg,flickr,https://www.flickr.com/photos/22225489@N05/2148163090/in/photolist-d7nVUw-r9KaWU-LACaMu-LScWTt-nrER99-uVzc1Y-o2TGBZ-CycvUi-r4uZH4-cMA3hy-cFuVFN-u5bWGQ-buqn7C-eC7yJz-aVrZnX-zBnxqG-q4gYna-eyUBAk-s955dH-aMRPsc-fWxTax-cqWwbW-pcs11R-r3EmzT-foBHsP-s27Mp3-7K1Aor-cAybvf-bxRKeG-4gPU3E-cLWpa7-KM8S5S-neDcJX-FBivnA-bvbm4U-KnP5Fe-rUTiKi-PTQ1ja-umBgUH-fAJTUP-o9EE2t-nchtB7-qbvq9z-HwdeoK-cZLvB9-pTomtA-uBsTtu-pKmb9N-anK8yT-eTGDqq/,0.222222222,3,1,0,0,1,0,2,0,0.4,0.222222222,164,Train
meadows317.jpg,flickr,https://www.flickr.com/photos/peter_quinn1/35023649664/in/photolist-HNzXFz-D92GqX-JqxaAq-JrfyHs-BQXQgz-PTQ1ja-JSHWSd-TrRRAm-VmVmQG-XCkv9o-TV2f3K-E6uMbg-GTFWfH-QxHcZE-G8EAt3-Mz1JzS-KpePn8-FSSEUW-UJmdo3-sEKSii-QRiMoo-NDZfb6-VPefEa-PLCMKw-XhcKos-XSH8kE-VGXypE-Vxmzmp-LaAjwg-vLUmHE-v63raA-vv2APv-FwDS5u-LL5Cb-2jZvYuw-Hqupzi-wkzb2D-o2QnqB-58NVRh-JKjP2f-H61Xby-2jjgMG7-5YNZUv-rcbWHP-TSHsgS-V19Srd-HU1AKw-FFJD7D-HpVs5z-sHNtNH/,0.333333333,4,0,1,1,1,0,3,1,0.6,0.333333333,165,Train
meadows146.jpg,unsplash,https://unsplash.com/photos/5HEwNcpkKLI,0.555555556,6,1,0,1,1,0,3,1,0.6,0.555555556,166,Train
meadows455.jpg,pixabay,https://pixabay.com/photos/bluebell-flowers-spring-meadow-4032047/,0.555555556,6,1,1,1,1,0,4,1,0.8,0.555555556,167,Train
meadows492.jpg,pixabay,https://pixabay.com/photos/flowers-daisies-meadow-wild-flowers-5434600/,0.555555556,6,1,1,1,1,0,4,1,0.8,0.555555556,168,Train
meadows288.jpg,unsplash,https://unsplash.com/photos/LMRcFFevBZg,0.333333333,4,1,0,1,1,0,3,1,0.6,0.333333333,169,Train
meadows17.jpg,flickr,https://www.flickr.com/photos/germanlissy2207/25491576283/in/photolist-6TzfV3-VqsPAx-ej3HxP-f6Tu6g-Jd5bVT-XhcKos-gjy9Nc-82Qhq4-U54HoA-cfZetJ-chhbVC-MCfXZc-MG3RoR-HVsGe1-JycKky-tpYKQd-5pLP3V-n9bUZB-KHZW2Y-bVsena-wyheTk-cfZeof-f9cjMv-9Qvkwk-nZLAST-KQhdL3-f7Asnm-D92GqX-a3WUVL-EQAZvV-9DUt6D-cLcJAG-akdE3v-JfDgh1-9zMM9o-edg3tf-ovPYLW-HFgAf3-z38M9f-KkhWe1-4iXVno-sHNtNH-6qCVAo-6qCVrq-58RDuj-cQk8hL-ScAQPv-ey5CbM-6DupyK-74ciXB/,0.555555556,6,1,0,1,1,0,3,1,0.6,0.555555556,170,Train
meadows413.jpg,pixabay,https://pixabay.com/photos/lake-evening-sunset-nature-water-5424344/,0.333333333,4,1,1,1,1,0,4,1,0.8,0.333333333,171,Train
meadows38.jpg,flickr,https://www.flickr.com/photos/er1k4/7168989447/in/photolist-5iCk2v-usazf9-akdDyB-6cjEi9-5jQWRU-eH7LBD-FSSEUW-evCbN8-a8G3zo-auG8yV-bVuWNk-5jMg3M-H1QWRE-G8CzY3-2Xi7hu-S1uLa-6DuovR-e27EBf-vBJxzc-nSoELv-4N2ke2-daW4n7-gKz6y-PXwpN-tQivkp-4YZVUw-a1evUA-fKZiH-cwrzvS-cVrmAJ-5gPGwo-suy3xD-cqWHby-exZUjs-nb3mzt-MWoBcN-C56vbK-6uv9b2-2GoR1-3CGr4-peMefW-LxvZrC-8YE9oc-g7u6sY-vCqxjE-85Apj2-Kn4GJq-vHpaa4-cyZpQA-JgD4Hs/,0.333333333,4,1,0,1,1,1,4,1,0.8,0.333333333,172,Train
meadows43.jpg,flickr,https://www.flickr.com/photos/gunta_urbanovica/7988677044/in/photolist-5iCk2v-usazf9-akdDyB-6cjEi9-5jQWRU-eH7LBD-FSSEUW-evCbN8-a8G3zo-auG8yV-bVuWNk-5jMg3M-H1QWRE-G8CzY3-2Xi7hu-S1uLa-6DuovR-e27EBf-vBJxzc-nSoELv-4N2ke2-daW4n7-gKz6y-PXwpN-tQivkp-4YZVUw-a1evUA-fKZiH-cwrzvS-cVrmAJ-5gPGwo-suy3xD-cqWHby-exZUjs-nb3mzt-MWoBcN-C56vbK-6uv9b2-2GoR1-3CGr4-peMefW-LxvZrC-8YE9oc-g7u6sY-vCqxjE-85Apj2-Kn4GJq-vHpaa4-cyZpQA-JgD4Hs/,0,1,0,0,0,1,0,1,0,0.2,0,173,Train
meadows486.jpg,pixabay,https://pixabay.com/photos/poppy-field-of-poppies-klatschmohn-3501838/,0.555555556,6,0,0,1,0,0,1,0,0.2,0.555555556,174,Train
meadows488.jpg,pixabay,https://pixabay.com/photos/meadow-field-flowers-bloom-blossom-731392/,0.444444444,5,0,1,1,1,0,3,1,0.6,0.444444444,175,Train
meadows473.jpg,pixabay,https://pixabay.com/photos/flower-meadow-crown-anthemideae-1090253/,0.555555556,6,1,0,1,0,0,2,0,0.4,0.555555556,176,Train
meadows131.jpg,unsplash,https://unsplash.com/photos/i4DGg3fU-Jg,0.444444444,5,0,0,0,1,0,1,0,0.2,0.444444444,177,Train
meadows239.jpg,unsplash,https://unsplash.com/photos/PsltpPo3MMo,0.333333333,4,0,1,0,1,0,2,0,0.4,0.333333333,178,Train
meadows474.jpg,pixabay,https://pixabay.com/photos/lavender-lavender-field-1595579/,0.444444444,5,0,0,1,1,0,2,0,0.4,0.444444444,179,Train
meadows258.jpg,unsplash,https://unsplash.com/photos/KBnDj_-LZ-M,0.333333333,4,0,0,0,1,0,1,0,0.2,0.333333333,180,Train
meadows361.jpg,flickr,https://www.flickr.com/photos/richardthomas78/530358548/in/photolist-aWD4C4-p3hyX3-HNzXFz-4NsjUc-ybH5Cv-6CUkCU-6rNpqx-5VBkZQ-6QSr4K-2JPoV1-Vxmzmp-5vNCsU-9XbsQp-d869wh-6DyyhA-6LQyMp-t9ga9g-adUU2n-HNtAP1-nrX35t-yRPdA-NSe7U-2FmoSJ-6er6yf-6emW2x-tBDeE8-g4zwsy-qd69bW-6FjLwE-doMgB-HVZP6y-a2D6pE-eNnKMR-uVyKsW-fjocYf-f8NYtx-9FL56p-KpwgB5-nUfBDW-XCkv9o-nhwLQ1-uQ9TDN-8kKU5p-akRCUR-KX5FJ3-JqxaAq-X74QkQ-dvzZ5A-7T2z3x-Ke3Mao/,0.333333333,4,0,0,0,1,0,1,0,0.2,0.333333333,181,Train
meadows36.jpg,flickr,https://www.flickr.com/photos/tristanf/5994239528/in/photolist-5iCk2v-usazf9-akdDyB-6cjEi9-5jQWRU-eH7LBD-FSSEUW-evCbN8-a8G3zo-auG8yV-bVuWNk-5jMg3M-H1QWRE-G8CzY3-2Xi7hu-S1uLa-6DuovR-e27EBf-vBJxzc-nSoELv-4N2ke2-daW4n7-gKz6y-PXwpN-tQivkp-4YZVUw-a1evUA-fKZiH-cwrzvS-cVrmAJ-5gPGwo-suy3xD-cqWHby-exZUjs-nb3mzt-MWoBcN-C56vbK-6uv9b2-2GoR1-3CGr4-peMefW-LxvZrC-8YE9oc-g7u6sY-vCqxjE-85Apj2-Kn4GJq-vHpaa4-cyZpQA-JgD4Hs/,0.555555556,6,0,0,0,1,1,2,0,0.4,0.555555556,182,Train
meadows165.jpg,unsplash,https://unsplash.com/photos/P7bEq3loN7k,0.333333333,4,0,1,0,1,0,2,0,0.4,0.333333333,183,Train
meadows322.jpg,flickr,https://www.flickr.com/photos/142475862@N05/27499202180/in/photolist-HNzXFz-D92GqX-JqxaAq-JrfyHs-BQXQgz-PTQ1ja-JSHWSd-TrRRAm-VmVmQG-XCkv9o-TV2f3K-E6uMbg-GTFWfH-QxHcZE-G8EAt3-Mz1JzS-KpePn8-FSSEUW-UJmdo3-sEKSii-QRiMoo-NDZfb6-VPefEa-PLCMKw-XhcKos-XSH8kE-VGXypE-Vxmzmp-LaAjwg-vLUmHE-v63raA-vv2APv-FwDS5u-LL5Cb-2jZvYuw-Hqupzi-wkzb2D-o2QnqB-58NVRh-JKjP2f-H61Xby-2jjgMG7-5YNZUv-rcbWHP-TSHsgS-V19Srd-HU1AKw-FFJD7D-HpVs5z-sHNtNH/,0.111111111,2,1,0,1,1,0,3,1,0.6,0.111111111,184,Train
meadows10.jpg,flickr,https://www.flickr.com/photos/28573051@N08/2894449685/in/photolist-6TzfV3-VqsPAx-ej3HxP-f6Tu6g-Jd5bVT-XhcKos-gjy9Nc-82Qhq4-U54HoA-cfZetJ-chhbVC-MCfXZc-MG3RoR-HVsGe1-JycKky-tpYKQd-5pLP3V-n9bUZB-KHZW2Y-bVsena-wyheTk-cfZeof-f9cjMv-9Qvkwk-nZLAST-KQhdL3-f7Asnm-D92GqX-a3WUVL-EQAZvV-9DUt6D-cLcJAG-akdE3v-JfDgh1-9zMM9o-edg3tf-ovPYLW-HFgAf3-z38M9f-KkhWe1-4iXVno-sHNtNH-6qCVAo-6qCVrq-58RDuj-cQk8hL-ScAQPv-ey5CbM-6DupyK-74ciXB/,0.444444444,5,1,0,1,0,0,2,0,0.4,0.444444444,185,Train
meadows280.jpg,unsplash,https://unsplash.com/photos/DkniLV75w6E,0.555555556,6,0,0,1,1,0,2,0,0.4,0.555555556,186,Train
meadows2.jpg,flickr,https://www.flickr.com/photos/the-father/3865414004/in/photolist-6TzfV3-VqsPAx-ej3HxP-f6Tu6g-Jd5bVT-XhcKos-gjy9Nc-82Qhq4-U54HoA-cfZetJ-chhbVC-MCfXZc-MG3RoR-HVsGe1-JycKky-tpYKQd-5pLP3V-n9bUZB-KHZW2Y-bVsena-wyheTk-cfZeof-f9cjMv-9Qvkwk-nZLAST-KQhdL3-f7Asnm-D92GqX-a3WUVL-EQAZvV-9DUt6D-cLcJAG-akdE3v-JfDgh1-9zMM9o-edg3tf-ovPYLW-HFgAf3-z38M9f-KkhWe1-4iXVno-sHNtNH-6qCVAo-6qCVrq-58RDuj-cQk8hL-ScAQPv-ey5CbM-6DupyK-74ciXB,0.555555556,6,1,0,1,1,0,3,1,0.6,0.555555556,187,Train
meadows119.jpg,unsplash,https://unsplash.com/photos/Lsl77spibYI,0.444444444,5,1,0,1,0,0,2,0,0.4,0.444444444,188,Train
meadows95.jpg,flickr,https://www.flickr.com/photos/jeremyhiebert/6075171657/in/photolist-PMe1Md-nRBNHo-mWBthA-oFZNFP-Jq9hA5-9C3iMT-niDgPq-GW6xtm-6t5p8e-aoE8RY-bE1LRf-rZLu4E-BQXQgz-bkBqV8-eQp6aY-9J6576-65J9xR-9sLmbg-xiKHtw-Xcgu3C-aym9TD-ocRHna-hNHRNW-pCQ97b-JRa7aT-cDCbKL-cew6yb-sRH5dB-oY335b-f9iHaj-ezUVZj-rXt2hT-tWRrvW-f6VV6t-t2WJsp-uap7C5-gaH9K4-6r4qmx-Bez9qj-nXDG9T-dcf33f-bjzRf-afQQSV-bvboAW-cSaXyG-5bUaV1-vZoCmW-zkEJPx-4TKPhQ-ecJBfn/,0.111111111,2,1,0,1,1,0,3,1,0.6,0.111111111,189,Train
meadows214.jpg,unsplash,https://unsplash.com/photos/4Al1nKRgQCI,0.222222222,3,0,0,0,1,0,1,0,0.2,0.222222222,190,Train
meadows385.jpg,pixabay,https://pixabay.com/photos/meadow-flowers-nature-flower-field-4568533/,0.777777778,8,1,0,1,1,1,4,1,0.8,0.777777778,191,Train
meadows147.jpg,unsplash,https://unsplash.com/photos/me5udcSd2H8,0.111111111,2,0,0,0,1,0,1,0,0.2,0.111111111,192,Train
meadows268.jpg,unsplash,https://unsplash.com/photos/BfJIJHHHuLQ,0.333333333,4,0,1,1,1,1,4,1,0.8,0.333333333,193,Train
meadows410.jpg,pixabay,https://pixabay.com/photos/agriculture-landscape-field-rural-3648986/,0.777777778,8,0,0,1,1,1,3,1,0.6,0.777777778,194,Train
meadows163.jpg,unsplash,https://unsplash.com/photos/JwU7PDGoiPw,0.333333333,4,0,1,0,1,0,2,0,0.4,0.333333333,195,Train
meadows134.jpg,unsplash,https://unsplash.com/photos/XQu7djaRx-c,0.333333333,4,1,0,1,1,0,3,1,0.6,0.333333333,196,Train
meadows405.jpg,pixabay,https://pixabay.com/photos/flowers-meadow-garden-3524938/,0.444444444,5,1,0,0,1,0,2,0,0.4,0.444444444,197,Train
meadows287.jpg,unsplash,https://unsplash.com/photos/b0UYqRA4bsQ,0.555555556,6,0,0,0,1,0,1,0,0.2,0.555555556,198,Train
meadows133.jpg,unsplash,https://unsplash.com/photos/t33Cg8AzrbQ,0.666666667,7,1,1,1,1,0,4,1,0.8,0.666666667,199,Train
meadows100.jpg,flickr,https://www.flickr.com/photos/red5standingby/2619307686/in/photolist-AjU5Ge-buj6ku-bwHZtK-ezPtRr-cGg4yu-yHkdjs-4SRMi7-ssN5c2-JRLNfF-ah5jLd-eEP1qF-nU6xNx-okGkJy-JzbmQo-4ZsCVm-9xqpgB-nYPTn5-pfHkJA-uuPybc-eENVYp-vd9wuc-cfdW6y-AuFyvq-f6dxdj-4UP3JL-Kw3tG7-JiJxex-E6uMbg-FfXYav-r2c5mv-KKzvy-vccnz6-bHk9we-tqkkvF-6t9x4h-s48Hwh-a1sSiM-8syGV8-qQ9JPK-oftWVA-nxeUJ1-GTqpkD-LkZCgu-VmVmQG-VeJ3Sc-tF38Jz-6sobfb-LoAdMc-LVjJBG-LkZtjw/,0.555555556,6,0,1,1,1,0,3,1,0.6,0.555555556,200,Train
meadows270.jpg,unsplash,https://unsplash.com/photos/Hyk4KHHx94A,0.444444444,5,0,1,0,1,0,2,0,0.4,0.444444444,201,Train
meadows448.jpg,pixabay,https://pixabay.com/photos/wildflower-flower-flora-meadow-322659/,0.777777778,8,0,0,1,0,0,1,0,0.2,0.777777778,202,Train
meadows327.jpg,pixabay,https://pixabay.com/photos/mountains-alps-meadow-736886/,0.444444444,5,0,0,1,1,0,2,0,0.4,0.444444444,203,Train
meadows243.jpg,unsplash,https://unsplash.com/photos/FRCzgiu5kLU,0.444444444,5,0,0,1,1,0,2,0,0.4,0.444444444,204,Train
meadows180.jpg,unsplash,https://unsplash.com/photos/5yFOafLI88M,0.555555556,6,0,0,1,1,0,2,0,0.4,0.555555556,205,Train
meadows240.jpg,unsplash,https://unsplash.com/photos/8uPuLgQg2dY,0.666666667,7,1,0,1,1,0,3,1,0.6,0.666666667,206,Train
meadows181.jpg,unsplash,https://unsplash.com/photos/q5c84C6h_Y8,0.444444444,5,1,0,1,1,0,3,1,0.6,0.444444444,207,Train
meadows78.jpg,flickr,https://www.flickr.com/photos/14284440@N04/7735808264/in/photolist-d7nVUw-r9KaWU-LACaMu-LScWTt-nrER99-uVzc1Y-o2TGBZ-CycvUi-r4uZH4-cMA3hy-cFuVFN-u5bWGQ-buqn7C-eC7yJz-aVrZnX-zBnxqG-q4gYna-eyUBAk-s955dH-aMRPsc-fWxTax-cqWwbW-pcs11R-r3EmzT-foBHsP-s27Mp3-7K1Aor-cAybvf-bxRKeG-4gPU3E-cLWpa7-KM8S5S-neDcJX-FBivnA-bvbm4U-KnP5Fe-rUTiKi-PTQ1ja-umBgUH-fAJTUP-o9EE2t-nchtB7-qbvq9z-HwdeoK-cZLvB9-pTomtA-uBsTtu-pKmb9N-anK8yT-eTGDqq/,0.444444444,5,1,0,1,1,0,3,1,0.6,0.444444444,208,Train
meadows402.jpg,pixabay,https://pixabay.com/photos/field-of-poppies-poppy-poppies-364162/,0.777777778,8,1,0,1,1,0,3,1,0.6,0.777777778,209,Train
meadows445.jpg,pixabay,https://pixabay.com/photos/nature-landscape-spring-heyday-3350357/,0.666666667,7,1,1,1,1,0,4,1,0.8,0.666666667,210,Train
meadows423.jpg,pixabay,https://pixabay.com/photos/lavender-field-cypress-avenue-1595580/,0.555555556,6,0,1,0,1,0,2,0,0.4,0.555555556,211,Train
meadows189.jpg,unsplash,https://unsplash.com/photos/OPHPCNY0tSY,0.333333333,4,1,1,1,1,0,4,1,0.8,0.333333333,212,Train
meadows16.jpg,flickr,https://www.flickr.com/photos/bangbyalexyork/5940557998/in/photolist-6TzfV3-VqsPAx-ej3HxP-f6Tu6g-Jd5bVT-XhcKos-gjy9Nc-82Qhq4-U54HoA-cfZetJ-chhbVC-MCfXZc-MG3RoR-HVsGe1-JycKky-tpYKQd-5pLP3V-n9bUZB-KHZW2Y-bVsena-wyheTk-cfZeof-f9cjMv-9Qvkwk-nZLAST-KQhdL3-f7Asnm-D92GqX-a3WUVL-EQAZvV-9DUt6D-cLcJAG-akdE3v-JfDgh1-9zMM9o-edg3tf-ovPYLW-HFgAf3-z38M9f-KkhWe1-4iXVno-sHNtNH-6qCVAo-6qCVrq-58RDuj-cQk8hL-ScAQPv-ey5CbM-6DupyK-74ciXB/,0.333333333,4,1,0,1,1,1,4,1,0.8,0.333333333,213,Train
meadows429.jpg,pixabay,https://pixabay.com/photos/plant-purple-nature-pointed-flower-5128079/,0.444444444,5,1,0,1,1,0,3,1,0.6,0.444444444,214,Train
meadows464.jpg,pixabay,https://pixabay.com/photos/meadow-mountains-alpine-mountain-4216797/,0.444444444,5,0,0,0,1,0,1,0,0.2,0.444444444,215,Train
meadows49.jpg,flickr,https://www.flickr.com/photos/water_mint/17388390003/in/photolist-5iCk2v-usazf9-akdDyB-6cjEi9-5jQWRU-eH7LBD-FSSEUW-evCbN8-a8G3zo-auG8yV-bVuWNk-5jMg3M-H1QWRE-G8CzY3-2Xi7hu-S1uLa-6DuovR-e27EBf-vBJxzc-nSoELv-4N2ke2-daW4n7-gKz6y-PXwpN-tQivkp-4YZVUw-a1evUA-fKZiH-cwrzvS-cVrmAJ-5gPGwo-suy3xD-cqWHby-exZUjs-nb3mzt-MWoBcN-C56vbK-6uv9b2-2GoR1-3CGr4-peMefW-LxvZrC-8YE9oc-g7u6sY-vCqxjE-85Apj2-Kn4GJq-vHpaa4-cyZpQA-JgD4Hs/,0.555555556,6,1,0,1,1,0,3,1,0.6,0.555555556,216,Train
meadows29.jpg,flickr,https://www.flickr.com/photos/148350482@N07/32949117891/in/photolist-6TzfV3-VqsPAx-ej3HxP-f6Tu6g-Jd5bVT-XhcKos-gjy9Nc-82Qhq4-U54HoA-cfZetJ-chhbVC-MCfXZc-MG3RoR-HVsGe1-JycKky-tpYKQd-5pLP3V-n9bUZB-KHZW2Y-bVsena-wyheTk-cfZeof-f9cjMv-9Qvkwk-nZLAST-KQhdL3-f7Asnm-D92GqX-a3WUVL-EQAZvV-9DUt6D-cLcJAG-akdE3v-JfDgh1-9zMM9o-edg3tf-ovPYLW-HFgAf3-z38M9f-KkhWe1-4iXVno-sHNtNH-6qCVAo-6qCVrq-58RDuj-cQk8hL-ScAQPv-ey5CbM-6DupyK-74ciXB/,0.555555556,6,1,0,1,1,0,3,1,0.6,0.555555556,217,Train
meadows193.jpg,unsplash,https://unsplash.com/photos/kGwSzeJ9HZI,0.222222222,3,1,0,0,1,0,2,0,0.4,0.222222222,218,Train
meadows255.jpg,unsplash,https://unsplash.com/photos/Y3a0yVVWEoM,0.444444444,5,0,0,1,1,0,2,0,0.4,0.444444444,219,Train
meadows37.jpg,flickr,https://www.flickr.com/photos/disarmid/6231902737/in/photolist-5iCk2v-usazf9-akdDyB-6cjEi9-5jQWRU-eH7LBD-FSSEUW-evCbN8-a8G3zo-auG8yV-bVuWNk-5jMg3M-H1QWRE-G8CzY3-2Xi7hu-S1uLa-6DuovR-e27EBf-vBJxzc-nSoELv-4N2ke2-daW4n7-gKz6y-PXwpN-tQivkp-4YZVUw-a1evUA-fKZiH-cwrzvS-cVrmAJ-5gPGwo-suy3xD-cqWHby-exZUjs-nb3mzt-MWoBcN-C56vbK-6uv9b2-2GoR1-3CGr4-peMefW-LxvZrC-8YE9oc-g7u6sY-vCqxjE-85Apj2-Kn4GJq-vHpaa4-cyZpQA-JgD4Hs/,0.222222222,3,0,0,0,1,0,1,0,0.2,0.222222222,220,Train
meadows310.jpg,pexels,https://www.pexels.com/photo/blooming-wildflowers-growing-in-green-meadow-4946723/,0.444444444,5,1,0,1,0,0,2,0,0.4,0.444444444,221,Train
meadows103.jpg,unsplash,https://unsplash.com/photos/31aKveRnvcA,0.666666667,7,1,0,0,1,0,2,0,0.4,0.666666667,222,Train
meadows35.jpg,flickr,https://www.flickr.com/photos/max-12/8867876715/in/photolist-5iCk2v-usazf9-akdDyB-6cjEi9-5jQWRU-eH7LBD-FSSEUW-evCbN8-a8G3zo-auG8yV-bVuWNk-5jMg3M-H1QWRE-G8CzY3-2Xi7hu-S1uLa-6DuovR-e27EBf-vBJxzc-nSoELv-4N2ke2-daW4n7-gKz6y-PXwpN-tQivkp-4YZVUw-a1evUA-fKZiH-cwrzvS-cVrmAJ-5gPGwo-suy3xD-cqWHby-exZUjs-nb3mzt-MWoBcN-C56vbK-6uv9b2-2GoR1-3CGr4-peMefW-LxvZrC-8YE9oc-g7u6sY-vCqxjE-85Apj2-Kn4GJq-vHpaa4-cyZpQA-JgD4Hs/,0.444444444,5,1,0,1,1,0,3,1,0.6,0.444444444,223,Train
meadows231.jpg,unsplash,https://unsplash.com/photos/cPyk1WR4D8g,0.333333333,4,0,1,0,1,0,2,0,0.4,0.333333333,224,Train
meadows344.jpg,flickr,https://www.flickr.com/photos/homini/4255457017/in/photolist-Vc7D1Y-vBRtZ9-aggsH2-HEXdCE-aRnpy4-5iFYN8-Jd4zsi-4YdwLW-pPzcxb-7u3k7z-bRUJFK-6dKAQX-9un39U-6Dyz2q-JbwJDS-HU4Jom-24GY2U-cMjwmU-tnYz6k-88mVq1-eNnSYT-5FCYdu-MzKZN-ekYutv-Q8pu8-9Xv1TJ-4NYiuF-vEuuSX-npDnjR-LACabQ-DYrv9S-f7x5xT-GM845e-Mt2Qj-npUAyq-9LH9ZS-aGSxuR-JnQSDa-9LEn2n-o1ADFc-af7fgS-qsYyDA-nJ86k2-9XvWYS-5iCk2v-jksKVv-tcFkys-2Xi7hu-usazf9-8ZUeso/,0.444444444,5,0,0,1,1,0,2,0,0.4,0.444444444,225,Train
meadows264.jpg,unsplash,https://unsplash.com/photos/hlZC1zoRp7o,0.777777778,8,1,1,1,1,0,4,1,0.8,0.777777778,226,Train
meadows432.jpg,pixabay,https://pixabay.com/photos/flowers-dandelions-grass-meadow-6282792/,0.444444444,5,1,0,0,1,0,2,0,0.4,0.444444444,227,Train
meadows108.jpg,unsplash,https://unsplash.com/photos/mQuuDjNXeH8,0.666666667,7,1,0,1,1,0,3,1,0.6,0.666666667,228,Train
meadows204.jpg,unsplash,https://unsplash.com/photos/clCNIVc_Skc,0.666666667,7,1,0,1,1,0,3,1,0.6,0.666666667,229,Train
meadows298.jpg,unsplash,https://unsplash.com/photos/8NMFDLbhOuE,0.111111111,2,1,0,1,0,0,2,0,0.4,0.111111111,230,Train
meadows495.jpg,pixabay,https://pixabay.com/photos/cosmea-flowers-bloom-nature-3555292/,0.444444444,5,1,0,1,1,0,3,1,0.6,0.444444444,231,Train
meadows394.jpg,pixabay,https://pixabay.com/illustrations/flower-meadow-wild-flowers-2509969/,0.444444444,5,1,0,1,1,0,3,1,0.6,0.444444444,232,Train
meadows329.jpg,pixabay,https://pixabay.com/photos/trees-hill-grass-meadow-field-sky-790220/,0.111111111,2,0,0,0,1,0,1,0,0.2,0.111111111,233,Train
meadows480.jpg,pixabay,https://pixabay.com/photos/landscape-field-sunflower-clouds-4428455/,0.333333333,4,0,0,0,1,0,1,0,0.2,0.333333333,234,Train
meadows421.jpg,pixabay,https://pixabay.com/photos/crocus-flower-meadow-white-flowers-4077705/,0.666666667,7,1,0,1,1,0,3,1,0.6,0.666666667,235,Train
meadows347.jpg,flickr,https://www.flickr.com/photos/swanrichter/5571820628/in/photolist-Vc7D1Y-vBRtZ9-aggsH2-HEXdCE-aRnpy4-5iFYN8-Jd4zsi-4YdwLW-pPzcxb-7u3k7z-bRUJFK-6dKAQX-9un39U-6Dyz2q-JbwJDS-HU4Jom-24GY2U-cMjwmU-tnYz6k-88mVq1-eNnSYT-5FCYdu-MzKZN-ekYutv-Q8pu8-9Xv1TJ-4NYiuF-vEuuSX-npDnjR-LACabQ-DYrv9S-f7x5xT-GM845e-Mt2Qj-npUAyq-9LH9ZS-aGSxuR-JnQSDa-9LEn2n-o1ADFc-af7fgS-qsYyDA-nJ86k2-9XvWYS-5iCk2v-jksKVv-tcFkys-2Xi7hu-usazf9-8ZUeso/,0.111111111,2,1,0,1,1,0,3,1,0.6,0.111111111,236,Train
meadows247.jpg,unsplash,https://unsplash.com/photos/5IlBhDsGlNU,0.555555556,6,1,0,1,1,0,3,1,0.6,0.555555556,237,Train
meadows374.jpg,pixabay,https://pixabay.com/photos/meadow-flower-meadow-flowers-garden-5229169/,0.777777778,8,1,0,1,1,0,3,1,0.6,0.777777778,238,Train
meadows22.jpg,flickr,https://www.flickr.com/photos/61711720@N03/27355012702/in/photolist-6TzfV3-VqsPAx-ej3HxP-f6Tu6g-Jd5bVT-XhcKos-gjy9Nc-82Qhq4-U54HoA-cfZetJ-chhbVC-MCfXZc-MG3RoR-HVsGe1-JycKky-tpYKQd-5pLP3V-n9bUZB-KHZW2Y-bVsena-wyheTk-cfZeof-f9cjMv-9Qvkwk-nZLAST-KQhdL3-f7Asnm-D92GqX-a3WUVL-EQAZvV-9DUt6D-cLcJAG-akdE3v-JfDgh1-9zMM9o-edg3tf-ovPYLW-HFgAf3-z38M9f-KkhWe1-4iXVno-sHNtNH-6qCVAo-6qCVrq-58RDuj-cQk8hL-ScAQPv-ey5CbM-6DupyK-74ciXB/,0.555555556,6,1,0,1,1,1,4,1,0.8,0.555555556,239,Train
meadows419.jpg,pixabay,https://pixabay.com/photos/wild-flowers-meadows-mountains-5236308/,0.222222222,3,0,1,1,1,0,3,1,0.6,0.222222222,240,Train
meadows440.jpg,pixabay,https://pixabay.com/photos/echinacea-flower-meadow-bloom-4356407/,0.555555556,6,1,0,1,1,0,3,1,0.6,0.555555556,241,Train
meadows308.jpg,pexels,https://www.pexels.com/photo/selective-focus-photo-of-blue-and-white-flowers-field-51548/,0.555555556,6,1,0,1,1,0,3,1,0.6,0.555555556,242,Train
meadows61.jpg,flickr,https://www.flickr.com/photos/55038032@N03/27732271926/in/photolist-o3zc7-objLKu-JCgUQS-tEZ29L-eNgfWw-f6TtZ2-JfB9gq-QYrsdn-o9BKJf-GCaSBS-jSRvTi-myU9GP-HMtE3f-7T2z3x-2n8zT2-Q82oQ-Ngjk1H-8enUew-rDx8B-akUrKh-8sn6ez-8adtGr-WEdbmi-rF3AXz-Kkcewu-szeSbP-8ekBRV-QqjcuU-mLpzFc-Fnp1og-72fqfX-o2jTAR-KGCDRY-vLUmHE-hKRLN-yHqo3r-EgMamq-FKUNa5-JNeThC-9RBmxB-G1QzTj-sqzWZx-HpVs5z-HL7DtK-akUs8C-tTW5KH-yPB1Lr-ongUVG-WT8Adw-xegJEb/,0.333333333,4,0,0,0,1,1,2,0,0.4,0.333333333,243,Train
meadows153.jpg,unsplash,https://unsplash.com/photos/cPaGBl8R_1M,0.666666667,7,0,1,1,1,0,3,1,0.6,0.666666667,244,Train
meadows341.jpg,flickr,https://www.flickr.com/photos/126710094@N04/19912188895/in/photolist-4NYiuF-vEuuSX-npDnjR-LACabQ-DYrv9S-f7x5xT-GM845e-Mt2Qj-npUAyq-9LH9ZS-aGSxuR-9LEn2n-JnQSDa-o1ADFc-af7fgS-qsYyDA-nJ86k2-9XvWYS-5iCk2v-jksKVv-tcFkys-2Xi7hu-usazf9-akdDyB-wkzb2D-G8CzY3-S1uLa-6DuovR-e27EBf-vBJxzc-nSoELv-4N2ke2-daW4n7-gKz6y-6cjEi9-PXwpN-evCbN8-FSSEUW-5jQWRU-eH7LBD-suy3xD-tQivkp-4YZVUw-a1evUA-cwrzvS-fKZiH-a8G3zo-bVuWNk-cVrmAJ-5gPGwo/,0.555555556,6,1,1,1,1,0,4,1,0.8,0.555555556,245,Train
meadows352.jpg,flickr,https://www.flickr.com/photos/pete_and_emma/9057465651/in/photolist-Vc7D1Y-vBRtZ9-aggsH2-HEXdCE-aRnpy4-5iFYN8-Jd4zsi-4YdwLW-pPzcxb-7u3k7z-bRUJFK-6dKAQX-9un39U-6Dyz2q-JbwJDS-HU4Jom-24GY2U-cMjwmU-tnYz6k-88mVq1-eNnSYT-5FCYdu-MzKZN-ekYutv-Q8pu8-9Xv1TJ-4NYiuF-vEuuSX-npDnjR-LACabQ-DYrv9S-f7x5xT-GM845e-Mt2Qj-npUAyq-9LH9ZS-aGSxuR-JnQSDa-9LEn2n-o1ADFc-af7fgS-qsYyDA-nJ86k2-9XvWYS-5iCk2v-jksKVv-tcFkys-2Xi7hu-usazf9-8ZUeso/,0.222222222,3,0,0,1,1,0,2,0,0.4,0.222222222,246,Train
meadows449.jpg,pixabay,https://pixabay.com/photos/cornflowers-wildflowers-blue-meadow-4280431/,0.555555556,6,1,0,1,1,0,3,1,0.6,0.555555556,247,Train
meadows283.jpg,unsplash,https://unsplash.com/photos/Exvm0yhjjoo,0.333333333,4,0,0,1,1,0,2,0,0.4,0.333333333,248,Train
meadows225.jpg,unsplash,https://unsplash.com/photos/NX-Atqk4tKk,0.555555556,6,1,0,1,0,0,2,0,0.4,0.555555556,249,Train
meadows120.jpg,unsplash,https://unsplash.com/photos/9goYHROaqMo,0.222222222,3,0,0,1,1,1,3,1,0.6,0.222222222,250,Train
meadows237.jpg,unsplash,https://unsplash.com/photos/1ekWAhB8RZw,0.333333333,4,1,0,0,1,0,2,0,0.4,0.333333333,251,Train
meadows117.jpg,unsplash,https://unsplash.com/photos/nvxhaXOlsik,0.333333333,4,1,0,0,1,0,2,0,0.4,0.333333333,252,Train
meadows391.jpg,pixabay,https://pixabay.com/photos/tree-landscape-meadow-sky-clouds-7835/,0.222222222,3,1,0,1,1,0,3,1,0.6,0.222222222,253,Train
meadows122.jpg,unsplash,https://unsplash.com/photos/DUubGalK--I,0.333333333,4,1,0,0,1,0,2,0,0.4,0.333333333,254,Train
meadows483.jpg,pixabay,https://pixabay.com/photos/background-image-flower-meadow-3256919/,0.222222222,3,1,0,1,1,1,4,1,0.8,0.222222222,255,Train
meadows245.jpg,unsplash,https://unsplash.com/photos/q0Sorbxn948,0.222222222,3,1,0,1,1,0,3,1,0.6,0.222222222,256,Train
meadows316.jpg,flickr,https://www.flickr.com/photos/142475862@N05/27844660904/in/photolist-HNzXFz-D92GqX-JqxaAq-JrfyHs-BQXQgz-PTQ1ja-JSHWSd-TrRRAm-VmVmQG-XCkv9o-TV2f3K-E6uMbg-GTFWfH-QxHcZE-G8EAt3-Mz1JzS-KpePn8-FSSEUW-UJmdo3-sEKSii-QRiMoo-NDZfb6-VPefEa-PLCMKw-XhcKos-XSH8kE-VGXypE-Vxmzmp-LaAjwg-vLUmHE-v63raA-vv2APv-FwDS5u-LL5Cb-2jZvYuw-Hqupzi-wkzb2D-o2QnqB-58NVRh-JKjP2f-H61Xby-2jjgMG7-5YNZUv-rcbWHP-TSHsgS-V19Srd-HU1AKw-FFJD7D-HpVs5z-sHNtNH/,0.222222222,3,1,0,1,1,0,3,1,0.6,0.222222222,257,Train
meadows216.jpg,unsplash,https://unsplash.com/photos/ZcMsPqvRzEE,0.333333333,4,0,0,0,1,0,1,0,0.2,0.333333333,258,Train
meadows380.jpg,pixabay,https://pixabay.com/photos/poppy-poppy-flower-poppy-field-2447327/,0.777777778,8,1,0,0,1,0,2,0,0.4,0.777777778,259,Train
meadows386.jpg,pixabay,https://pixabay.com/photos/wild-flower-meadow-flowers-bloom-3386078/,0.333333333,4,0,0,0,1,0,1,0,0.2,0.333333333,260,Train
meadows157.jpg,unsplash,https://unsplash.com/photos/qsLc1vN86Zg,0.444444444,5,1,1,1,1,0,4,1,0.8,0.444444444,261,Train
meadows428.jpg,pixabay,https://pixabay.com/photos/barn-field-barn-summer-meadow-392967/,0.333333333,4,0,0,1,1,0,2,0,0.4,0.333333333,262,Train
meadows19.jpg,flickr,https://www.flickr.com/photos/bangbyalexyork/6124693657/in/photolist-6TzfV3-VqsPAx-ej3HxP-f6Tu6g-Jd5bVT-XhcKos-gjy9Nc-82Qhq4-U54HoA-cfZetJ-chhbVC-MCfXZc-MG3RoR-HVsGe1-JycKky-tpYKQd-5pLP3V-n9bUZB-KHZW2Y-bVsena-wyheTk-cfZeof-f9cjMv-9Qvkwk-nZLAST-KQhdL3-f7Asnm-D92GqX-a3WUVL-EQAZvV-9DUt6D-cLcJAG-akdE3v-JfDgh1-9zMM9o-edg3tf-ovPYLW-HFgAf3-z38M9f-KkhWe1-4iXVno-sHNtNH-6qCVAo-6qCVrq-58RDuj-cQk8hL-ScAQPv-ey5CbM-6DupyK-74ciXB/,0.444444444,5,0,0,1,0,1,2,0,0.4,0.444444444,263,Train
meadows320.jpg,flickr,https://www.flickr.com/photos/45481002@N05/16535535857/in/photolist-HNzXFz-D92GqX-JqxaAq-JrfyHs-BQXQgz-PTQ1ja-JSHWSd-TrRRAm-VmVmQG-XCkv9o-TV2f3K-E6uMbg-GTFWfH-QxHcZE-G8EAt3-Mz1JzS-KpePn8-FSSEUW-UJmdo3-sEKSii-QRiMoo-NDZfb6-VPefEa-PLCMKw-XhcKos-XSH8kE-VGXypE-Vxmzmp-LaAjwg-vLUmHE-v63raA-vv2APv-FwDS5u-LL5Cb-2jZvYuw-Hqupzi-wkzb2D-o2QnqB-58NVRh-JKjP2f-H61Xby-2jjgMG7-5YNZUv-rcbWHP-TSHsgS-V19Srd-HU1AKw-FFJD7D-HpVs5z-sHNtNH/,0.222222222,3,1,0,1,1,0,3,1,0.6,0.222222222,264,Train
meadws118.jpg,unsplash,https://unsplash.com/photos/1kGvoC9g2DY,0.333333333,4,1,0,1,1,0,3,1,0.6,0.333333333,265,Train
meadows11.jpg,flickr,https://www.flickr.com/photos/keriarpi/28698620514/in/photolist-6TzfV3-VqsPAx-ej3HxP-f6Tu6g-Jd5bVT-XhcKos-gjy9Nc-82Qhq4-U54HoA-cfZetJ-chhbVC-MCfXZc-MG3RoR-HVsGe1-JycKky-tpYKQd-5pLP3V-n9bUZB-KHZW2Y-bVsena-wyheTk-cfZeof-f9cjMv-9Qvkwk-nZLAST-KQhdL3-f7Asnm-D92GqX-a3WUVL-EQAZvV-9DUt6D-cLcJAG-akdE3v-JfDgh1-9zMM9o-edg3tf-ovPYLW-HFgAf3-z38M9f-KkhWe1-4iXVno-sHNtNH-6qCVAo-6qCVrq-58RDuj-cQk8hL-ScAQPv-ey5CbM-6DupyK-74ciXB/,0.333333333,4,0,1,0,1,0,2,0,0.4,0.333333333,266,Train
meadows307.jpg,pexels,https://www.pexels.com/photo/landscape-nature-flowers-summer-46164/,0.777777778,8,1,0,1,1,1,4,1,0.8,0.777777778,267,Train
meadows241.jpg,unsplash,https://unsplash.com/photos/Bbow9KE_Z9w,0.555555556,6,1,0,0,1,0,2,0,0.4,0.555555556,268,Train
meadows222.jpg,unsplash,https://unsplash.com/photos/_ITfzPFGlow,0.666666667,7,0,0,0,1,0,1,0,0.2,0.666666667,269,Train
meadows381.jpg,pixabay,https://pixabay.com/photos/meadow-grass-tree-landscape-summer-5263664/,0.666666667,7,0,1,1,0,0,2,0,0.4,0.666666667,270,Train
meadows4.jpg,flickr,https://www.flickr.com/photos/kelehen/7389522116/in/photolist-6TzfV3-VqsPAx-ej3HxP-f6Tu6g-Jd5bVT-XhcKos-gjy9Nc-82Qhq4-U54HoA-cfZetJ-chhbVC-MCfXZc-MG3RoR-HVsGe1-JycKky-tpYKQd-5pLP3V-n9bUZB-KHZW2Y-bVsena-wyheTk-cfZeof-f9cjMv-9Qvkwk-nZLAST-KQhdL3-f7Asnm-D92GqX-a3WUVL-EQAZvV-9DUt6D-cLcJAG-akdE3v-JfDgh1-9zMM9o-edg3tf-ovPYLW-HFgAf3-z38M9f-KkhWe1-4iXVno-sHNtNH-6qCVAo-6qCVrq-58RDuj-cQk8hL-ScAQPv-ey5CbM-6DupyK-74ciXB/,0.333333333,4,1,0,1,1,0,3,1,0.6,0.333333333,271,Train
meadows367.jpg,pixabay,https://pixabay.com/photos/oilseed-rape-field-of-rapeseeds-2135026/,0.777777778,8,1,0,1,1,0,3,1,0.6,0.777777778,272,Train
meadows281.jpg,unsplash,https://unsplash.com/photos/igIytd2W7to,0.444444444,5,0,0,0,1,1,2,0,0.4,0.444444444,273,Train
meadows126.jpg,unsplash,https://unsplash.com/photos/GN_QG18L5_I,0.333333333,4,1,0,1,1,0,3,1,0.6,0.333333333,274,Train
meadows315.jpg,flickr,https://www.flickr.com/photos/128354622@N06/27437812315/in/photolist-HNzXFz-D92GqX-JqxaAq-JrfyHs-BQXQgz-PTQ1ja-JSHWSd-TrRRAm-VmVmQG-XCkv9o-TV2f3K-E6uMbg-GTFWfH-QxHcZE-G8EAt3-Mz1JzS-KpePn8-FSSEUW-UJmdo3-sEKSii-QRiMoo-NDZfb6-VPefEa-PLCMKw-XhcKos-XSH8kE-VGXypE-Vxmzmp-LaAjwg-vLUmHE-v63raA-vv2APv-FwDS5u-LL5Cb-2jZvYuw-Hqupzi-wkzb2D-o2QnqB-58NVRh-JKjP2f-H61Xby-2jjgMG7-5YNZUv-rcbWHP-TSHsgS-V19Srd-HU1AKw-FFJD7D-HpVs5z-sHNtNH,0.333333333,4,0,0,1,0,0,1,0,0.2,0.333333333,275,Train
meadows152.jpg,unsplash,https://unsplash.com/photos/70Kv81fiWaM,0.444444444,5,1,0,0,0,1,2,0,0.4,0.444444444,276,Train
meadows91.jpg,flickr,https://www.flickr.com/photos/88078350@N06/14574029991/in/photolist-PMe1Md-nRBNHo-mWBthA-oFZNFP-Jq9hA5-9C3iMT-niDgPq-GW6xtm-6t5p8e-aoE8RY-bE1LRf-rZLu4E-BQXQgz-bkBqV8-eQp6aY-9J6576-65J9xR-9sLmbg-xiKHtw-Xcgu3C-aym9TD-ocRHna-hNHRNW-pCQ97b-JRa7aT-cDCbKL-cew6yb-sRH5dB-oY335b-f9iHaj-ezUVZj-rXt2hT-tWRrvW-f6VV6t-t2WJsp-uap7C5-gaH9K4-6r4qmx-Bez9qj-nXDG9T-dcf33f-bjzRf-afQQSV-bvboAW-cSaXyG-5bUaV1-vZoCmW-zkEJPx-4TKPhQ-ecJBfn/,0.333333333,4,1,0,1,1,0,3,1,0.6,0.333333333,277,Train
meadows477.jpg,pixabay,https://pixabay.com/photos/grass-nature-field-haymaking-3089790/,0.555555556,6,1,0,1,1,0,3,1,0.6,0.555555556,278,Train
meadows377.jpg,pixabay,https://pixabay.com/photos/poppies-field-flowers-bloom-1836375/,0.555555556,6,1,0,1,1,1,4,1,0.8,0.555555556,279,Train
meadows47.jpg,flickr,https://www.flickr.com/photos/missus_h/7564409872/in/photolist-5iCk2v-usazf9-akdDyB-6cjEi9-5jQWRU-eH7LBD-FSSEUW-evCbN8-a8G3zo-auG8yV-bVuWNk-5jMg3M-H1QWRE-G8CzY3-2Xi7hu-S1uLa-6DuovR-e27EBf-vBJxzc-nSoELv-4N2ke2-daW4n7-gKz6y-PXwpN-tQivkp-4YZVUw-a1evUA-fKZiH-cwrzvS-cVrmAJ-5gPGwo-suy3xD-cqWHby-exZUjs-nb3mzt-MWoBcN-C56vbK-6uv9b2-2GoR1-3CGr4-peMefW-LxvZrC-8YE9oc-g7u6sY-vCqxjE-85Apj2-Kn4GJq-vHpaa4-cyZpQA-JgD4Hs/,0.222222222,3,0,0,0,1,0,1,0,0.2,0.222222222,280,Train
meadows27.jpg,flickr,https://www.flickr.com/photos/sorbus/3560584062/in/photolist-6TzfV3-VqsPAx-ej3HxP-f6Tu6g-Jd5bVT-XhcKos-gjy9Nc-82Qhq4-U54HoA-cfZetJ-chhbVC-MCfXZc-MG3RoR-HVsGe1-JycKky-tpYKQd-5pLP3V-n9bUZB-KHZW2Y-bVsena-wyheTk-cfZeof-f9cjMv-9Qvkwk-nZLAST-KQhdL3-f7Asnm-D92GqX-a3WUVL-EQAZvV-9DUt6D-cLcJAG-akdE3v-JfDgh1-9zMM9o-edg3tf-ovPYLW-HFgAf3-z38M9f-KkhWe1-4iXVno-sHNtNH-6qCVAo-6qCVrq-58RDuj-cQk8hL-ScAQPv-ey5CbM-6DupyK-74ciXB/,0.666666667,7,0,0,0,1,0,1,0,0.2,0.666666667,281,Train
meadows439.jpg,pixabay,https://pixabay.com/photos/flower-meadow-daisy-poppy-meadow-5246317/,0.222222222,3,0,0,1,1,0,2,0,0.4,0.222222222,282,Train
meadows235.jpg,unsplash,https://unsplash.com/photos/HJQTpHn36Oc,0.111111111,2,0,1,0,1,0,2,0,0.4,0.111111111,283,Train
meadows246.jpg,unsplash,https://unsplash.com/photos/Ce3VscIzizE,0.666666667,7,1,0,1,1,0,3,1,0.6,0.666666667,284,Train
meadows282.jpg,unsplash,https://unsplash.com/photos/FkAWSXAUqVo,0.333333333,4,0,0,1,1,0,2,0,0.4,0.333333333,285,Train
meadows251.jpg,unsplash,https://unsplash.com/photos/QuFr3kqnSW4,0.333333333,4,0,1,0,1,0,2,0,0.4,0.333333333,286,Train
meadows390.jpg,pixabay,https://pixabay.com/photos/lake-field-meadow-flowers-weeds-5477367/,0.666666667,7,1,1,0,1,0,3,1,0.6,0.666666667,287,Train
meadows290.jpg,unsplash,https://unsplash.com/photos/YsVw9QzXmEw,0.222222222,3,0,0,0,1,0,1,0,0.2,0.222222222,288,Train
meadows176.jpg,unsplash,https://unsplash.com/photos/Cxjh4S2Pmt8,0.666666667,7,0,0,1,1,0,2,0,0.4,0.666666667,289,Train
meadows173.jpg,unsplash,https://unsplash.com/photos/LOzltn8O19E,0.666666667,7,1,1,1,1,0,4,1,0.8,0.666666667,290,Train
meadows438.jpg,pixabay,https://pixabay.com/photos/field-of-poppies-poppy-poppies-364163/,0.444444444,5,1,0,1,1,0,3,1,0.6,0.444444444,291,Train
meadows412.jpg,pixabay,https://pixabay.com/photos/flowers-plants-mountains-landscape-2451042/,0.555555556,6,1,0,1,1,1,4,1,0.8,0.555555556,292,Train
meadows45.jpg,flickr,https://www.flickr.com/photos/mezzamorphis/5909847974/in/photolist-5iCk2v-usazf9-akdDyB-6cjEi9-5jQWRU-eH7LBD-FSSEUW-evCbN8-a8G3zo-auG8yV-bVuWNk-5jMg3M-H1QWRE-G8CzY3-2Xi7hu-S1uLa-6DuovR-e27EBf-vBJxzc-nSoELv-4N2ke2-daW4n7-gKz6y-PXwpN-tQivkp-4YZVUw-a1evUA-fKZiH-cwrzvS-cVrmAJ-5gPGwo-suy3xD-cqWHby-exZUjs-nb3mzt-MWoBcN-C56vbK-6uv9b2-2GoR1-3CGr4-peMefW-LxvZrC-8YE9oc-g7u6sY-vCqxjE-85Apj2-Kn4GJq-vHpaa4-cyZpQA-JgD4Hs/,0.666666667,7,1,0,1,1,1,4,1,0.8,0.666666667,293,Train
meadows90.jpg,flickr,https://www.flickr.com/photos/redheadwondering/36227124720/in/photolist-PMe1Md-nRBNHo-mWBthA-oFZNFP-Jq9hA5-9C3iMT-niDgPq-GW6xtm-6t5p8e-aoE8RY-bE1LRf-rZLu4E-BQXQgz-bkBqV8-eQp6aY-9J6576-65J9xR-9sLmbg-xiKHtw-Xcgu3C-aym9TD-ocRHna-hNHRNW-pCQ97b-JRa7aT-cDCbKL-cew6yb-sRH5dB-oY335b-f9iHaj-ezUVZj-rXt2hT-tWRrvW-f6VV6t-t2WJsp-uap7C5-gaH9K4-6r4qmx-Bez9qj-nXDG9T-dcf33f-bjzRf-afQQSV-bvboAW-cSaXyG-5bUaV1-vZoCmW-zkEJPx-4TKPhQ-ecJBfn/,0.888888889,9,1,0,1,1,1,4,1,0.8,0.888888889,294,Train
meadows69.jpg,flickr,https://www.flickr.com/photos/koprivnjak/4745439587/in/photolist-o3zc7-objLKu-JCgUQS-tEZ29L-eNgfWw-f6TtZ2-JfB9gq-QYrsdn-o9BKJf-GCaSBS-jSRvTi-myU9GP-HMtE3f-7T2z3x-2n8zT2-Q82oQ-Ngjk1H-8enUew-rDx8B-akUrKh-8sn6ez-8adtGr-WEdbmi-rF3AXz-Kkcewu-szeSbP-8ekBRV-QqjcuU-mLpzFc-Fnp1og-72fqfX-o2jTAR-KGCDRY-vLUmHE-hKRLN-yHqo3r-EgMamq-FKUNa5-JNeThC-9RBmxB-G1QzTj-sqzWZx-HpVs5z-HL7DtK-akUs8C-tTW5KH-yPB1Lr-ongUVG-WT8Adw-xegJEb/,0.666666667,7,1,0,1,0,0,2,0,0.4,0.666666667,295,Train
meadows411.jpg,pixabay,https://pixabay.com/photos/landscape-summer-meadow-field-3848590/,0.333333333,4,0,1,1,1,0,3,1,0.6,0.333333333,296,Train
meadows490.jpg,pixabay,https://pixabay.com/photos/spring-meadow-flower-meadow-crocus-1227178/,0.666666667,7,1,0,0,1,0,2,0,0.4,0.666666667,297,Train
meadows233.jpg,unsplash,https://unsplash.com/photos/tjwvq0cMF5Y,0.222222222,3,0,0,0,1,0,1,0,0.2,0.222222222,298,Train
meadows331.jpg,flickr,https://www.flickr.com/photos/domrik/20055999413/in/photolist-HVsGe1-JycKky-tpYKQd-n9bUZB-KHZW2Y-wyheTk-bVsena-cfZeof-Jd5bVT-f9cjMv-9Qvkwk-nZLAST-5pLP3V-9zMM9o-JfDgh1-f7Asnm-XhcKos-KQhdL3-a3WUVL-edg3tf-EQAZvV-ovPYLW-HFgAf3-D92GqX-9DUt6D-z38M9f-KkhWe1-4iXVno-cLcJAG-6qCVAo-58RDuj-6qCVrq-sHNtNH-cQk8hL-ey5CbM-ScAQPv-6DupyK-74ciXB-akdE3v-Vc7D1Y-vBRtZ9-aggsH2-HEXdCE-aRnpy4-Jd4zsi-4YdwLW-7u3k7z-bRUJFK-6dKAQX-9un39U/,0.444444444,5,1,0,1,1,0,3,1,0.6,0.444444444,299,Train
meadows213.jpg,unsplash,https://unsplash.com/photos/Exfno0bitNc,0.666666667,7,1,0,1,1,0,3,1,0.6,0.666666667,300,Train
